statistic,level,recomputed,boot_lo,boot_hi,basic_lo,basic_hi,reported,reported_lo,reported_hi
r_wgmf,M,0.38054768867981664,0.20141455686726667,0.45332487473060934,0.30777050262902395,0.5596808204923667,0.3805,0.2992,0.5283
prop_SA,M,0.3097261556600916,0.2733375626346954,0.3992927215663666,0.2201595897538166,0.3461147486854878,0.3097,0.2358,0.3504
r_wgmf,E,0.4027327970018752,0.2223239647821124,0.4887357668446409,0.3167298271591095,0.583141629221638,0.4027,0.314,0.5526
prop_SA,E,0.2986336014990625,0.2556321165776795,0.3888380176089439,0.2084291853891811,0.3416350864204455,0.2986,0.2237,0.343
r_wgmf,F,0.2515146357483251,0.040553151492570556,0.37771045508548706,0.12531881641116316,0.46247612000407967,0.2515,0.1198,0.4502
prop_SA,F,0.37424268212583744,0.3111447724572565,0.4797234242537147,0.26876193999796016,0.43734059179441837,0.3742,0.2749,0.4401
r_female_across,M-F,0.7688359229766124,0.6010920387224449,0.7928978404384338,0.744774005514791,0.9365798072307799,0.7688,0.7442,0.8497
r_female_across,M-E,0.7493111472127776,0.6048202330356715,0.7753124704750887,0.7233098239504665,0.8938020613898837,0.7493,0.7213,0.8368
r_female_across,F-E,0.8421725227857078,0.6993239320986768,0.8445484254576379,0.8397966201137776,0.9850211134727387,0.8421,0.8403,0.8956
r_male_across,M-F,0.5567235985948844,0.2692180468167362,0.6094356335707459,0.5040115636190229,0.8442291503730326,0.5567,0.4997,0.7262
r_male_across,M-E,0.6995325323389051,0.44030384732486316,0.7187700691117432,0.680294995566067,0.9587612173529471,0.6995,0.6755,0.8018
r_male_across,F-E,0.5414698839938352,0.2470435370510862,0.610167190138195,0.47277257784947546,0.8358962309365843,0.5415,0.4664,0.7417
linevar_rel_female,M,0.05453666190159839,0.04765239996522698,0.07384866738326086,0.035224656419935926,0.06142092383796981,0.0532,0.0355,0.0884
linevar_rel_male,M,0.326476528727685,0.31574844015870507,0.48374362580033303,0.169209431655037,0.33720461729666495,0.2926,0.1954,0.4859
linecov_rel_mf,M,0.048969321220409055,0.028496860188783262,0.06941152129439762,0.02852712114642049,0.06944178225203484,,,
within_sex_response_female,M,0.027268330950799197,0.02382619998261349,0.03692433369163043,0.017612328209967963,0.030710461918984903,,,
cross_sex_response_female,M,0.024484660610204528,0.014248430094391631,0.03470576064719881,0.014263560573210245,0.03472089112601742,,,
within_sex_response_male,M,0.1632382643638425,0.15787422007935253,0.24187181290016652,0.0846047158275185,0.16860230864833248,,,
cross_sex_response_male,M,0.024484660610204528,0.014248430094391631,0.03470576064719881,0.014263560573210245,0.03472089112601742,,,
cross_over_within_female,M,0.8979156316674716,0.49437293159028944,1.1526877057370248,0.6431435575979183,1.3014583317446538,,,
cross_over_within_male,M,0.14999338975836302,0.07187361313581024,0.1809834510235871,0.11900332849313894,0.22811316638091578,,,
linevar_rel_female,E,0.033268388370863544,0.029964978281494907,0.041757368864295555,0.024779407877431534,0.03657179846023218,0.0321,0.0214,0.0533
linevar_rel_male,E,0.16737761774976986,0.16029630722795168,0.24270269990843993,0.0920525355910998,0.17445892827158804,0.1591,0.1062,0.2642
linecov_rel_mf,E,0.02981247966952119,0.018007979419763575,0.042037297857912374,0.01758766148113001,0.041616979919278804,,,
within_sex_response_female,E,0.016634194185431772,0.014982489140747453,0.020878684432147777,0.012389703938715767,0.01828589923011609,,,
cross_sex_response_female,E,0.014906239834760596,0.009003989709881787,0.021018648928956187,0.008793830740565004,0.020808489959639402,,,
within_sex_response_male,E,0.08368880887488493,0.08014815361397584,0.12135134995421996,0.0460262677955499,0.08722946413579402,,,
cross_sex_response_male,E,0.014906239834760596,0.009003989709881787,0.021018648928956187,0.008793830740565004,0.020808489959639402,,,
cross_over_within_female,E,0.8961203451511635,0.50338933416015,1.2107895915464555,0.5814510987558714,1.2888513561421768,,,
cross_over_within_male,E,0.1781150913146043,0.09424821330161727,0.20668783564448476,0.14954234698472382,0.2619819693275913,,,
linevar_rel_female,F,0.024726406291800687,0.022419836832729186,0.03325253397307622,0.016200278610525157,0.027032975750872188,0.0254,0.017,0.0422
linevar_rel_male,F,0.10521930284716687,0.1004739201984823,0.18314808102867589,0.027290524665657845,0.10996468549585144,0.101,0.0674,0.1678
linecov_rel_mf,F,0.012510720317793149,0.002134419658087503,0.022896701553122262,0.002124739082464036,0.022887020977498795,,,
within_sex_response_female,F,0.012363203145900344,0.011209918416364593,0.01662626698653811,0.008100139305262578,0.013516487875436094,,,
cross_sex_response_female,F,0.0062553601588965745,0.0010672098290437516,0.011448350776561131,0.001062369541232018,0.011443510488749397,,,
within_sex_response_male,F,0.05260965142358343,0.05023696009924115,0.09157404051433794,0.013645262332828922,0.05498234274792572,,,
cross_sex_response_male,F,0.0062553601588965745,0.0010672098290437516,0.011448350776561131,0.001062369541232018,0.011443510488749397,,,
cross_over_within_female,F,0.5059659770268242,0.07388808752734999,0.872553015630273,0.13937893842337545,0.9380438665262985,,,
cross_over_within_male,F,0.1189013800629835,0.015294702554778428,0.17322238106236998,0.06458037906359701,0.22250805757118855,,,
r_wgmf_diff,M-F,0.12903305293149153,-0.089912991049523,0.32995345352966565,,,,-0.0721,0.3507
prop_SA_diff,M-F,-0.06451652646574585,-0.16497672676483266,0.04495649552476152,,,,-0.1753,0.036
