target,statistic,paper,paper_CI,recomputed_from_raw_data,verdict_recompute,model_shared,model_sexlimited,model_trueSA,verdict_shared,driving_assumption,model_HRI,verdict_HRI,model_modifier,verdict_modifier
1 BMC 2022 (Table 2A),r_wgmf male-biased,0.3805,"[0.2992, 0.5283]",0.3805,reproduced (|diff| < 0.02),"0.093 [-0.313, 0.478]","-0.049 [-0.356, 0.259]","-0.786 [-0.879, -0.644]",matches sign; misses magnitude (model below),sexually concordant (shared deleterious) variation dominates; assay noise calibrated to variances only,,,,
1 BMC 2022 (Table 2A),r_wgmf equal,0.4027,"[0.314, 0.5526]",0.4027,reproduced (|diff| < 0.02),"0.095 [-0.314, 0.415]","-0.058 [-0.359, 0.294]","-0.752 [-0.873, -0.577]",matches sign; misses magnitude (model below),sexually concordant (shared deleterious) variation dominates; assay noise calibrated to variances only,,,,
1 BMC 2022 (Table 2A),r_wgmf female-biased,0.2515,"[0.1198, 0.4502]",0.2515,reproduced (|diff| < 0.02),"0.076 [-0.257, 0.407]","-0.046 [-0.353, 0.248]","-0.584 [-0.777, -0.356]",matches sign; misses magnitude (model below),sexually concordant (shared deleterious) variation dominates; assay noise calibrated to variances only,,,,
1 BMC 2022 (Table 2A),prop_SA male-biased,0.3097,"[0.2358, 0.3504]",0.3097,reproduced (|diff| < 0.02),"0.454 [0.261, 0.656]","0.525 [0.371, 0.678]","0.893 [0.822, 0.939]","matches sign; misses magnitude (model above) [identity: prop_SA = (1 - r)/2, no information beyond r]",sexually concordant (shared deleterious) variation dominates; assay noise calibrated to variances only,,,,
1 BMC 2022 (Table 2A),prop_SA equal,0.2986,"[0.2237, 0.343]",0.2986,reproduced (|diff| < 0.02),"0.452 [0.292, 0.657]","0.529 [0.353, 0.680]","0.876 [0.788, 0.936]","matches sign; misses magnitude (model above) [identity: prop_SA = (1 - r)/2, no information beyond r]",sexually concordant (shared deleterious) variation dominates; assay noise calibrated to variances only,,,,
1 BMC 2022 (Table 2A),prop_SA female-biased,0.3742,"[0.2749, 0.4401]",0.3742,reproduced (|diff| < 0.02),"0.462 [0.296, 0.629]","0.523 [0.376, 0.676]","0.792 [0.678, 0.888]","matches sign; misses magnitude (model above) [identity: prop_SA = (1 - r)/2, no information beyond r]",sexually concordant (shared deleterious) variation dominates; assay noise calibrated to variances only,,,,
1 BMC 2022,ordering of r_wgmf across sex ratios,r(F) lowest; M ~ E; difference n.s.,"MB-FB: [-0.0721, 0.3507]",,,"P(F lowest) = 0.43; MB-FB mean 0.017 [-0.312, 0.339]",,,"matches ordering; trend not significant in model assays either [echo of calibration: data-only attenuation (no simulator) gives the same ordering, E 0.837 > M 0.809 > F 0.721; explains ~1/3 of the FB drop; hypothesis test H13: equal disattenuated r not rejected, p = 0.30-0.34, low power]",beta_s(SR) calibrated to line variances (lower genetic signal-to-noise at FB) -> attenuation,,,,
1 BMC 2022 (Table 2A),r_female_across M-F,0.7688,,0.7688,reproduced (|diff| < 0.02),"0.871 [0.775, 0.928]",,,matches sign; outside model 95% range,no true genotype x sex-ratio interaction in the model; correlations < 1 arise from sampling noise only,,,,
1 BMC 2022 (Table 2A),r_female_across M-E,0.7493,,0.7493,reproduced (|diff| < 0.02),"0.886 [0.814, 0.945]",,,matches sign; outside model 95% range,no true genotype x sex-ratio interaction in the model; correlations < 1 arise from sampling noise only,,,,
1 BMC 2022 (Table 2A),r_female_across F-E,0.8421,,0.8422,reproduced (|diff| < 0.02),"0.888 [0.814, 0.937]",,,matches sign; within model 95% range,no true genotype x sex-ratio interaction in the model; correlations < 1 arise from sampling noise only,,,,
1 BMC 2022 (Table 2A),r_male_across M-F,0.5567,,0.5567,reproduced (|diff| < 0.02),"0.507 [0.225, 0.705]",,,matches sign; within model 95% range,no true genotype x sex-ratio interaction in the model; correlations < 1 arise from sampling noise only,,,,
1 BMC 2022 (Table 2A),r_male_across M-E,0.6995,,0.6995,reproduced (|diff| < 0.02),"0.678 [0.481, 0.828]",,,matches sign; within model 95% range,no true genotype x sex-ratio interaction in the model; correlations < 1 arise from sampling noise only,,,,
1 BMC 2022 (Table 2A),r_male_across F-E,0.5415,,0.5415,reproduced (|diff| < 0.02),"0.494 [0.210, 0.699]",,,matches sign; within model 95% range,no true genotype x sex-ratio interaction in the model; correlations < 1 arise from sampling noise only,,,,
2 thesis Ch.4 / 3 AmNat (substitute),"cross/within-sex covariance ratio, female, male-biased",(not reported; computed from raw data),,0.898,,"0.231 [-0.768, 1.180]",,,matches sign; within model 95% range,Robertson/FTNS decomposition of fitness itself; trait-level AmNat estimates not accessible,,,,
2 thesis Ch.4 / 3 AmNat (substitute),"cross/within-sex covariance ratio, female, equal",(not reported; computed from raw data),,0.896,,"0.216 [-0.755, 0.963]",,,matches sign; within model 95% range,Robertson/FTNS decomposition of fitness itself; trait-level AmNat estimates not accessible,,,,
2 thesis Ch.4 / 3 AmNat (substitute),"cross/within-sex covariance ratio, female, female-biased",(not reported; computed from raw data),,0.506,,"0.148 [-0.582, 0.823]",,,matches sign; within model 95% range,Robertson/FTNS decomposition of fitness itself; trait-level AmNat estimates not accessible,,,,
2 thesis Ch.4 / 3 AmNat (substitute),"cross/within-sex covariance ratio, male, male-biased",(not reported; computed from raw data),,0.15,,"0.038 [-0.127, 0.209]",,,matches sign; within model 95% range,Robertson/FTNS decomposition of fitness itself; trait-level AmNat estimates not accessible,,,,
2 thesis Ch.4 / 3 AmNat (substitute),"cross/within-sex covariance ratio, male, equal",(not reported; computed from raw data),,0.178,,"0.043 [-0.139, 0.198]",,,matches sign; within model 95% range,Robertson/FTNS decomposition of fitness itself; trait-level AmNat estimates not accessible,,,,
2 thesis Ch.4 / 3 AmNat (substitute),"cross/within-sex covariance ratio, male, female-biased",(not reported; computed from raw data),,0.119,,"0.041 [-0.142, 0.204]",,,matches sign; within model 95% range,Robertson/FTNS decomposition of fitness itself; trait-level AmNat estimates not accessible,,,,
4 (rescaling check),maplen/drosophila at 0.001 M: collapsed replicates,V ~ 0.02 in all replicates,,,,,,,,Muller's-ratchet speed and N*V_g not invariant under rescaling,"3/6 collapsed (V_f up to 4361, r = -1); excluded from the rows above",rescaling artefact (lambda = 2); none at lambda = 1,,
4 (rescaling check),maplen/drosophila at 0.01 M: collapsed replicates,V ~ 0.02 in all replicates,,,,,,,,Muller's-ratchet speed and N*V_g not invariant under rescaling,"2/6 collapsed (V_f up to 4054, r = -1); excluded from the rows above",rescaling artefact (lambda = 2); none at lambda = 1,,
4 (rescaling check),maplen/paper at 0.001 M: collapsed replicates,V ~ 0.02 in all replicates,,,,,,,,Muller's-ratchet speed and N*V_g not invariant under rescaling,"4/6 collapsed (V_f up to 304, r = -1); excluded from the rows above",rescaling artefact (lambda = 2); none at lambda = 1,,
4 (rescaling check),maplen/paper at 0.01 M: collapsed replicates,V ~ 0.02 in all replicates,,,,,,,,Muller's-ratchet speed and N*V_g not invariant under rescaling,"1/6 collapsed (V_f up to 253, r = -1); excluded from the rows above",rescaling artefact (lambda = 2); none at lambda = 1,,
4 HRI bioRxiv 2025 (Fig. 2),"r_mf,W at map length 0.001 M (both sexes recombine)",median ~-0.115 (read from figure),,,,,,,,purely sex-limited selection + linkage; rescaled population (see lambda sensitivity),"mean -0.264 (se 0.074), median -0.264, n=2, lambda=2",matches sign; misses magnitude,,
4 HRI bioRxiv 2025 (Fig. 2),"r_mf,W at map length 0.01 M (both sexes recombine)",median ~-0.125 (read from figure),,,,,,,,purely sex-limited selection + linkage; rescaled population (see lambda sensitivity),"mean -0.153 (se 0.049), median -0.156, n=5, lambda=2",matches sign; magnitude within 0.05,,
4 HRI bioRxiv 2025 (Fig. 2),"r_mf,W at map length 0.1 M (both sexes recombine)",median ~-0.07 (read from figure),,,,,,,,purely sex-limited selection + linkage; rescaled population (see lambda sensitivity),"mean -0.086 (se 0.040), median -0.063, n=6, lambda=2",matches sign; magnitude within 0.05,,
4 HRI bioRxiv 2025 (Fig. 2),"r_mf,W at map length 1.0 M (both sexes recombine)",median ~-0.02 (read from figure),,,,,,,,purely sex-limited selection + linkage; rescaled population (see lambda sensitivity),"mean -0.038 (se 0.020), median -0.038, n=6, lambda=2",matches sign; magnitude within 0.05,,
4 HRI bioRxiv 2025 (Fig. 2),"r_mf,W at map length 10.0 M (both sexes recombine)",median ~0.0 (read from figure),,,,,,,,purely sex-limited selection + linkage; rescaled population (see lambda sensitivity),"mean +0.003 (se 0.028), median +0.002, n=6, lambda=2",matches sign; magnitude within 0.05,,
4 HRI bioRxiv 2025,trend: bias weakens with map length,monotone weakening; absent at 10 M,,,,,,,,HRI LD decays with recombination,"Spearman(log map, mean r) = +1.00; mean r at max map = +0.003",matches ordering,,
"4 (extension, C)","r_mf,W at 0.001 M, no male crossing over",(not simulated in paper),,,,,,,,Drosophila males do not recombine,mean -0.275 vs paper-setting -0.264,prediction (C),,
"4 (extension, C)","r_mf,W at 0.01 M, no male crossing over",(not simulated in paper),,,,,,,,Drosophila males do not recombine,mean -0.008 vs paper-setting -0.153,prediction (C),,
"4 (extension, C)","r_mf,W at 0.1 M, no male crossing over",(not simulated in paper),,,,,,,,Drosophila males do not recombine,mean -0.133 vs paper-setting -0.086,prediction (C),,
"4 (extension, C)","r_mf,W at 1.0 M, no male crossing over",(not simulated in paper),,,,,,,,Drosophila males do not recombine,mean -0.049 vs paper-setting -0.038,prediction (C),,
"4 (extension, C)","r_mf,W at 10.0 M, no male crossing over",(not simulated in paper),,,,,,,,Drosophila males do not recombine,mean +0.017 vs paper-setting +0.003,prediction (C),,
4 HRI bioRxiv 2025 (Fig. 3),trend: bias strengthens with mutation rate,more negative at higher mu,,,,,,,,more segregating sites -> more HRI,"Spearman(mu, mean r) = -1.00",matches ordering,,
4 HRI bioRxiv 2025,"V_f, V_m at 0.1 M (rescaled back by 1/lambda^2)",~0.02,,,,,,,,V_g scales as lambda^2 under N*s-preserving rescaling,"V_f 0.022, V_m 0.023 (raw 0.087, lambda=2)",matches magnitude,,
4 HRI bioRxiv 2025,median selective interference (COV/V_f x 100): <=0.01 M vs 10 M,~10% at low map length; ~0 at 10 M,,,,,,,,negative COV = interference (paper reports its size),-15.7% vs 0.2%,matches sign; magnitude within 2x,,
null / regime check,"LH regime 'shared': r_w,g,mf (equal SR); true hemigenome r",r > 0 (concordant variation dominates),,,,"assay +0.095 [-0.314, +0.415]; true +0.149 (populations -0.12 to +0.31)",,,as designed,mutation-class mixture (config [lh]),,,,
null / regime check,"LH regime 'sexlimited': r_w,g,mf (equal SR); true hemigenome r","r ~ 0 (no SA, no shared effects; only LD)",,,,"assay -0.058 [-0.359, +0.294]; true -0.049 (populations -0.19 to +0.08)",,,null holds,mutation-class mixture (config [lh]),,,,
null / regime check,"LH regime 'trueSA': r_w,g,mf (equal SR); true hemigenome r",r < 0,,,,"assay -0.752 [-0.873, -0.577]; true -1.000 (populations -1.00 to -1.00)",,,null holds,mutation-class mixture (config [lh]),,,,
"1 BMC 2022 (design, C)","power (shared regime, r~0.1): MB - FB difference in r_w,g,mf, 39 lines",difference n.s. with 39 lines,,,,P(95% CI excludes 0) = 0.10; P(FB lowest) = 0.43; mean difference +0.015,,,matches (a n.s. result is the expected outcome),attenuation-only model of the sex-ratio effect,,,,
"1 BMC 2022 (design, C)","power (shared regime, r~0.1): MB - FB difference in r_w,g,mf, 80 lines",(not tested),,,,P(95% CI excludes 0) = 0.05; P(FB lowest) = 0.49; mean difference +0.025,,,design prediction (C),attenuation-only model of the sex-ratio effect,,,,
"1 BMC 2022 (design, C)","power (shared regime, r~0.1): MB - FB difference in r_w,g,mf, 160 lines",(not tested),,,,P(95% CI excludes 0) = 0.04; P(FB lowest) = 0.43; mean difference +0.012,,,design prediction (C),attenuation-only model of the sex-ratio effect,,,,
"1 BMC 2022 (design, C)","power (shared regime, r~0.1): MB - FB difference in r_w,g,mf, 320 lines",(not tested),,,,P(95% CI excludes 0) = 0.11; P(FB lowest) = 0.51; mean difference +0.019,,,design prediction (C),attenuation-only model of the sex-ratio effect,,,,
"1 BMC 2022 (design, C)","power (LH-like architecture, r~0.4): MB - FB difference in r_w,g,mf, 39 lines",difference n.s. with 39 lines,,,,P(95% CI excludes 0) = 0.15; P(FB lowest) = 0.57; mean difference +0.089,,,matches (a n.s. result is the expected outcome),attenuation-only model of the sex-ratio effect,,,,
"1 BMC 2022 (design, C)","power (LH-like architecture, r~0.4): MB - FB difference in r_w,g,mf, 80 lines",(not tested),,,,P(95% CI excludes 0) = 0.18; P(FB lowest) = 0.76; mean difference +0.092,,,design prediction (C),attenuation-only model of the sex-ratio effect,,,,
"1 BMC 2022 (design, C)","power (LH-like architecture, r~0.4): MB - FB difference in r_w,g,mf, 160 lines",(not tested),,,,P(95% CI excludes 0) = 0.30; P(FB lowest) = 0.89; mean difference +0.099,,,design prediction (C),attenuation-only model of the sex-ratio effect,,,,
"1 BMC 2022 (design, C)","power (LH-like architecture, r~0.4): MB - FB difference in r_w,g,mf, 320 lines",(not tested),,,,P(95% CI excludes 0) = 0.45; P(FB lowest) = 0.95; mean difference +0.099,,,design prediction (C),attenuation-only model of the sex-ratio effect,,,,
"contrast reconciliation (C, IBM design)","design point 0: f_SA=0.19, concordant share=0.85, female map=0.11 M",LH +0.40; LHM -0.52 to +0.21,,,,"39-line assay r -0.348 (populations: -0.79, +0.09); hemigenome r -0.443; pooled-sex r_pop -0.984; collapsed 2/2",,,reaches LHM negative range,mutation-class mixture; replicate populations differ by history alone,,,,
"contrast reconciliation (C, IBM design)","design point 1: f_SA=0.03, concordant share=0.30, female map=0.30 M",LH +0.40; LHM -0.52 to +0.21,,,,"39-line assay r +0.140 (populations: +0.15, +0.13); hemigenome r +0.247; pooled-sex r_pop +0.589; collapsed 0/2",,,intermediate,mutation-class mixture; replicate populations differ by history alone,,,,
"contrast reconciliation (C, IBM design)","design point 2: f_SA=0.08, concordant share=0.55, female map=0.22 M",LH +0.40; LHM -0.52 to +0.21,,,,"39-line assay r +0.135 (populations: +0.07, +0.20); hemigenome r +0.212; pooled-sex r_pop -0.913; collapsed 2/2",,,intermediate,mutation-class mixture; replicate populations differ by history alone,,,,
"contrast reconciliation (C, IBM design)","design point 3: f_SA=0.09, concordant share=0.48, female map=0.40 M",LH +0.40; LHM -0.52 to +0.21,,,,"39-line assay r +0.008 (populations: -0.16, +0.18); hemigenome r +0.079; pooled-sex r_pop -0.876; collapsed 2/2",,,intermediate,mutation-class mixture; replicate populations differ by history alone,,,,
"contrast reconciliation (C, IBM design)","design point 4: f_SA=0.12, concordant share=0.73, female map=0.47 M",LH +0.40; LHM -0.52 to +0.21,,,,"39-line assay r +0.051 (populations: +0.08, +0.02); hemigenome r +0.163; pooled-sex r_pop -0.880; collapsed 2/2",,,intermediate,mutation-class mixture; replicate populations differ by history alone,,,,
"contrast reconciliation (C, IBM design)","design point 5: f_SA=0.10, concordant share=0.39, female map=1.66 M",LH +0.40; LHM -0.52 to +0.21,,,,"39-line assay r -0.265 (populations: -0.11, -0.42); hemigenome r -0.372; pooled-sex r_pop -0.948; collapsed 2/2",,,reaches LHM negative range,mutation-class mixture; replicate populations differ by history alone,,,,
"contrast reconciliation (C, IBM design)","design point 6: f_SA=0.14, concordant share=0.12, female map=0.65 M",LH +0.40; LHM -0.52 to +0.21,,,,"39-line assay r -0.243 (populations: -0.22, -0.26); hemigenome r -0.255; pooled-sex r_pop -0.966; collapsed 2/2",,,intermediate,mutation-class mixture; replicate populations differ by history alone,,,,
"contrast reconciliation (C, IBM design)","design point 7: f_SA=0.16, concordant share=0.60, female map=1.04 M",LH +0.40; LHM -0.52 to +0.21,,,,"39-line assay r +0.021 (populations: +0.13, -0.08); hemigenome r +0.016; pooled-sex r_pop -0.982; collapsed 2/2",,,intermediate,mutation-class mixture; replicate populations differ by history alone,,,,
"contrast reconciliation (C, IBM design)","design point 8: f_SA=0.06, concordant share=0.93, female map=1.48 M",LH +0.40; LHM -0.52 to +0.21,,,,"39-line assay r +0.453 (populations: +0.40, +0.51); hemigenome r +0.602; pooled-sex r_pop -0.301; collapsed 0/2",,,"reaches LH value (selected from the sweep = fitted, not predicted)",mutation-class mixture; replicate populations differ by history alone,,,,
"contrast reconciliation (C, IBM design)","design point 9: f_SA=0.18, concordant share=0.83, female map=0.15 M",LH +0.40; LHM -0.52 to +0.21,,,,"39-line assay r +0.135 (populations: +0.22, +0.05); hemigenome r +0.155; pooled-sex r_pop -0.963; collapsed 2/2",,,intermediate,mutation-class mixture; replicate populations differ by history alone,,,,
"contrast reconciliation (C, IBM design)","design point 10: f_SA=0.04, concordant share=0.08, female map=0.87 M",LH +0.40; LHM -0.52 to +0.21,,,,"39-line assay r -0.052 (populations: +0.05, -0.15); hemigenome r -0.064; pooled-sex r_pop -0.401; collapsed 0/2",,,intermediate,mutation-class mixture; replicate populations differ by history alone,,,,
"contrast reconciliation (C, IBM design)","design point 11: f_SA=0.02, concordant share=0.24, female map=0.17 M",LH +0.40; LHM -0.52 to +0.21,,,,"39-line assay r +0.105 (populations: +0.16, +0.05); hemigenome r +0.186; pooled-sex r_pop +0.789; collapsed 0/2",,,intermediate,mutation-class mixture; replicate populations differ by history alone,,,,
method check (C),"pooled-sex genotype r_mf,W vs hemigenome r in collapsed populations",(estimator of target 4 pools female and male genotypes),,,,16/24 populations collapsed; r_pop -0.94 vs hemigenome r -0.06,,,estimator confounded by intersexual genetic differentiation (C),"female-detrimental haplotypes carried only by males (no male recombination, SA benefits)",,,,
emulator (Layer 3),grouped-CV RMSE of GP / GBM vs replicate-population sd (assay r),-,,,,"GP 0.296, GBM 0.288, replicate sd 0.151",,,not validated: emulator inversion not identified,12 design points x 2 populations; large between-population variance,,,,
distinguishing experiment (C),"N-dependence of r_mf,W under sex-limited selection (0.1 M, lambda=1 per-generation parameters)",(proposed experiment: HRI predicts more negative r at small N),,,,"N=625: -0.128 (sd 0.145, n=6); N=1250: -0.144 (sd 0.129, n=6); N=2500: -0.042 (sd 0.100, n=6); populations per N for 80% power ~31",,,"direction as HRI predicts, not monotone; weak (C)",HRI ~ 1/(N c); replicate-population sd limits power,,,,
distinguishing experiment (C),hri_drosophila_R0.001: r after k generations of female meiosis,(proposed experiment),,,,"r0 -0.644, k=4 -0.640, k=16 -0.670, LE +0.002; power (k=4): n=39: 0.06, n=100: 0.09, n=200: 0.11",,,prediction (C),SA = direct term survives recombination; HRI/LD = indirect term decays,,,,
distinguishing experiment (C),hri_drosophila_R0.01: r after k generations of female meiosis,(proposed experiment),,,,"r0 -0.376, k=4 -0.357, k=16 -0.370, LE +0.002; power (k=4): n=39: 0.06, n=100: 0.06, n=200: 0.06",,,prediction (C),SA = direct term survives recombination; HRI/LD = indirect term decays,,,,
distinguishing experiment (C),hri_drosophila_R0.1: r after k generations of female meiosis,(proposed experiment),,,,"r0 -0.126, k=4 -0.082, k=16 -0.106, LE -0.003; power (k=4): n=39: 0.07, n=100: 0.07, n=200: 0.10",,,prediction (C),SA = direct term survives recombination; HRI/LD = indirect term decays,,,,
distinguishing experiment (C),hri_drosophila_R1: r after k generations of female meiosis,(proposed experiment),,,,"r0 -0.008, k=4 +0.001, k=16 -0.019, LE -0.010; power (k=4): n=39: 0.07, n=100: 0.08, n=200: 0.18",,,prediction (C),SA = direct term survives recombination; HRI/LD = indirect term decays,,,,
distinguishing experiment (C),hri_drosophila_R10: r after k generations of female meiosis,(proposed experiment),,,,"r0 +0.011, k=4 +0.002, k=16 -0.029, LE -0.005; power (k=4): n=39: 0.06, n=100: 0.05, n=200: 0.08",,,prediction (C),SA = direct term survives recombination; HRI/LD = indirect term decays,,,,
distinguishing experiment (C),hri_paper_R0.001: r after k generations of female meiosis,(proposed experiment),,,,"r0 -0.732, k=4 -0.743, k=16 -0.653, LE +0.000; power (k=4): n=39: 0.07, n=100: 0.11, n=200: 0.13",,,prediction (C),SA = direct term survives recombination; HRI/LD = indirect term decays,,,,
distinguishing experiment (C),hri_paper_R0.01: r after k generations of female meiosis,(proposed experiment),,,,"r0 -0.332, k=4 -0.315, k=16 -0.298, LE -0.008; power (k=4): n=39: 0.07, n=100: 0.08, n=200: 0.08",,,prediction (C),SA = direct term survives recombination; HRI/LD = indirect term decays,,,,
distinguishing experiment (C),hri_paper_R0.1: r after k generations of female meiosis,(proposed experiment),,,,"r0 -0.127, k=4 -0.132, k=16 -0.079, LE -0.005; power (k=4): n=39: 0.06, n=100: 0.09, n=200: 0.07",,,prediction (C),SA = direct term survives recombination; HRI/LD = indirect term decays,,,,
distinguishing experiment (C),hri_paper_R1: r after k generations of female meiosis,(proposed experiment),,,,"r0 -0.029, k=4 -0.072, k=16 +0.007, LE -0.002; power (k=4): n=39: 0.06, n=100: 0.07, n=200: 0.10",,,prediction (C),SA = direct term survives recombination; HRI/LD = indirect term decays,,,,
distinguishing experiment (C),hri_paper_R10: r after k generations of female meiosis,(proposed experiment),,,,"r0 -0.025, k=4 -0.031, k=16 +0.012, LE -0.004; power (k=4): n=39: 0.07, n=100: 0.06, n=200: 0.06",,,prediction (C),SA = direct term survives recombination; HRI/LD = indirect term decays,,,,
distinguishing experiment (C),lh_sexlimited: r after k generations of female meiosis,(proposed experiment),,,,"r0 -0.075, k=4 +0.000, k=16 -0.081, LE +0.005; power (k=4): n=39: 0.06, n=100: 0.06, n=200: 0.10",,,prediction (C),SA = direct term survives recombination; HRI/LD = indirect term decays,,,,
distinguishing experiment (C),lh_shared: r after k generations of female meiosis,(proposed experiment),,,,"r0 +0.153, k=4 +0.184, k=16 +0.246, LE +0.238; power (k=4): n=39: 0.12, n=100: 0.12, n=200: 0.22",,,prediction (C),SA = direct term survives recombination; HRI/LD = indirect term decays,,,,
distinguishing experiment (C),lh_trueSA: r after k generations of female meiosis,(proposed experiment),,,,"r0 -1.000, k=4 -1.000, k=16 -0.998, LE -0.748; power (k=4): n=39: 0.33, n=100: 0.76, n=200: 0.97",,,prediction (C),SA = direct term survives recombination; HRI/LD = indirect term decays,,,,
5 modifier bioRxiv 2023,"k1=0,k2=1: A2B2 fixed in 95.7% (autosomes)",0.957,,,,,,,,authors' own recursion code re-executed (exact grid),,,0.972440036900369,misses magnitude by +0.015
5 modifier bioRxiv 2023,k2=1: A2B2 fixed in >85% for any k1 (autosomes),>0.85,,,,,,,,authors' own recursion code re-executed (exact grid),,,0.9158210332103321,matches
5 modifier bioRxiv 2023,resolution increases with k2,monotone increase,,,,,,,,authors' own recursion code re-executed (exact grid),,,monotone in 100% of k1 rows (autosome),matches ordering
5 modifier bioRxiv 2023,k1 non-monotonic: hardest at intermediate k1,minimum at intermediate k1,,,,,,,,authors' own recursion code re-executed (exact grid),,,row-mean minimum at k1=0.2,matches ordering
5 modifier bioRxiv 2023,X more conducive than autosomes overall,X > A,,,,,,,,authors' own recursion code re-executed (exact grid),,,mean frac X 0.492 vs A 0.222,matches ordering
5 modifier bioRxiv 2023,for imperfect (low/intermediate k2) modifiers X resolves where autosomes do not,X > A particularly for low k2,,,,,,,,authors' own recursion code re-executed (exact grid),,,"k2 in [0.3,0.6]: A 0.018, X 0.415",matches ordering
5 modifier bioRxiv 2023,at very high k2 autosomes resolve a larger fraction than X,A > X at k2 ~ 1,,,,,,,,authors' own recursion code re-executed (exact grid),,,mean(A-X) at k2=1: -0.016,does not match
4 (rescaling check),"r_mf,W at 0.001 M, lambda=1",median ~-0.115,,,,,,,,N*V_g is not invariant under Nmu/Nr/Ns rescaling,"mean -0.184 (se 0.052, n=6)","paper's own scale, no filter; 0/6 collapsed -> lambda = 2 collapse is a rescaling artefact (filter justified; H18/H19)",,
4 (rescaling check),"r_mf,W at 0.01 M, lambda=1",median ~-0.125,,,,,,,,N*V_g is not invariant under Nmu/Nr/Ns rescaling,"mean -0.071 (se 0.061, n=6)","paper's own scale, no filter; 0/6 collapsed -> lambda = 2 collapse is a rescaling artefact (filter justified; H18/H19)",,
4 (rescaling check),"r_mf,W at 0.01 M, lambda=2",median ~-0.125,,,,,,,,N*V_g is not invariant under Nmu/Nr/Ns rescaling,"mean -0.203 (se 0.080, n=6)",rescaling diagnostic,,
4 (rescaling check),"r_mf,W at 0.1 M, lambda=1",median ~-0.07,,,,,,,,N*V_g is not invariant under Nmu/Nr/Ns rescaling,"mean -0.042 (se 0.041, n=6)","paper's own scale, no filter; 0/6 collapsed -> lambda = 2 collapse is a rescaling artefact (filter justified; H18/H19)",,
4 (rescaling check),"r_mf,W at 0.1 M, lambda=2",median ~-0.07,,,,,,,,N*V_g is not invariant under Nmu/Nr/Ns rescaling,"mean -0.152 (se 0.020, n=6)",rescaling diagnostic,,
4 (rescaling check),"r_mf,W at 0.001 M, lambda=4",median ~-0.115,,,,,,,,N*V_g and Muller's-ratchet rate not invariant under rescaling,mean -0.934 (n=12),rescaling artefact: neo-Y-like haplotype classes,,
4 (rescaling check),"r_mf,W at 0.01 M, lambda=4",median ~-0.125,,,,,,,,N*V_g and Muller's-ratchet rate not invariant under rescaling,mean -1.000 (n=12),rescaling artefact: neo-Y-like haplotype classes,,
