point,rep,f_SA,sc_share,log10_R,lam,N,r_pop,V_f,V_m,n_seg,r_hemi_true,r_assay_M,r_assay_M_sd,r_assay_E,r_assay_E_sd,r_assay_F,r_assay_F_sd,P_r_assay_E_negative,r_E_n40_mean,r_E_n40_sd,r_E_n100_mean,r_E_n100_sd,r_E_n113_mean,r_E_n113_sd,r_E_n223_mean,r_E_n223_sd
0,0,0.19149101610082203,0.8517719629685461,-0.9587351153374624,2,960,-0.9813643652148482,18.40373529411434,117.10587573538002,8098,-0.9962763890038538,-0.7857546148002952,0.058210423310425696,-0.7896537399340113,0.045680414079280134,-0.6091098891245345,0.09499813343835431,1.0,-0.8027434402763175,0.04101810213131015,-0.7723759086664557,0.030148015514213374,-0.7955782548524521,0.021373894773375608,-0.7959533331686149,0.029295558664729684
0,1,0.19149101610082203,0.8517719629685461,-0.9587351153374624,2,960,-0.9858532653094434,5.652515238595294,44.70827741147106,8732,0.11107448247916032,0.08617521585493584,0.1567161568442213,0.09396786855002795,0.1452036462244859,0.08227715663151762,0.13674752702749157,0.3,0.1759090473381562,0.13287895549195022,0.11434730057198153,0.08751510959459204,0.07513466935102812,0.12555038021147583,0.0536521370797165,0.04524356574600207
1,0,0.032689968789191434,0.2997845160115886,-0.5236342119822872,2,960,0.6281315802017634,0.1570870842031068,2.8903553991256876,9277,0.23676621378528317,0.15636467752237493,0.1495275392216687,0.14973479957622413,0.19026809479260107,0.08725631787395748,0.1589030760369296,0.2,0.20654617703404826,0.08661777687639459,0.1363897840233377,0.07809283432141942,0.17507460993903662,0.09532417137585977,0.1015310407209482,0.07436831192176234
1,1,0.032689968789191434,0.2997845160115886,-0.5236342119822872,2,960,0.550391286869019,0.14306483447997223,3.3767485313722756,9442,0.2565917936512218,0.12413825805270078,0.14530438966052792,0.1306659962240097,0.14277989988032963,0.096302684494013,0.17093089704772096,0.2,0.07462306316407268,0.21863841654106533,0.13293684256858068,0.07939220062232949,0.15767440611007105,0.09383439967540719,0.1339119989531869,0.06642063069997253
2,0,0.08107580530190156,0.5458900436789603,-0.6639941024779903,2,960,-0.9371319740056009,1.1399931375096637,16.09076585832294,9043,0.20472864101440766,0.07896301891948694,0.13413460748389708,0.07430767391489482,0.15610228051051386,0.03870445836269091,0.15605953462134622,0.3,0.09085741870469581,0.18185537218646677,0.08194374746768192,0.09052186726814015,0.034637469349132984,0.0737132528339987,0.09913817648285753,0.05357755362836198
2,1,0.08107580530190156,0.5458900436789603,-0.6639941024779903,2,960,-0.8889467632120455,0.618890790488826,12.579262478602649,9073,0.21936731292661366,0.16525147411087918,0.12042770654819364,0.19607533098314733,0.13146891405629418,0.0919607495943727,0.18094944278882022,0.1,0.26186896956060945,0.11196233463322192,0.14463046306178157,0.10777274883554737,0.18808454591834883,0.0876858934414913,0.19145304667722454,0.03100569668581169
3,0,0.09027643709510615,0.4794977004214047,-0.402850678130222,2,960,-0.8776571897953757,0.5794763344504821,11.54236848702183,9212,-0.12818307291795908,-0.13170476950194315,0.14626267587750055,-0.16433279734577216,0.11706450441458402,-0.1452848099904072,0.19249190171935598,0.9,-0.21264951161544773,0.11384282563446561,-0.148772956133499,0.08049831551711799,-0.12025719573820268,0.050885318853416434,-0.1717102257265134,0.067733257917523
3,1,0.09027643709510615,0.4794977004214047,-0.402850678130222,2,960,-0.8743005610625273,0.5806844698642473,12.819614486586966,9231,0.28571463028487487,0.1730689536411072,0.14164879930428578,0.18077400144613692,0.16903016978342755,0.07905303683503996,0.14485224026734364,0.2,0.25305640873899177,0.2308026591660607,0.19919506737061196,0.05552974324311638,0.21370113062311363,0.07770297016211776,0.20304476907757532,0.03808847483131012
4,0,0.12400266713623914,0.7273391123416638,-0.3253033148784208,2,960,-0.8778093182910193,0.6608601904767867,12.787257706684573,9460,0.20025667618095483,0.09231334582787201,0.14253950010027502,0.0812404744284913,0.14233365792358035,0.08636446002416885,0.1622454665401235,0.3,0.12934875441181704,0.11184391557026666,0.09980453497562387,0.09066597125691685,0.12324990801911535,0.09288049883529763,0.1216757169409192,0.057742288699894
4,1,0.12400266713623914,0.7273391123416638,-0.3253033148784208,2,960,-0.882343951279482,0.6479675036248687,11.139702417204008,9382,0.12605812375949607,0.06612500433365502,0.17445842570427944,0.02006598996573278,0.15881935433484842,0.048172091290578235,0.13431867587402593,0.3,0.09249367284771383,0.16440636403629982,0.10446577287191913,0.11770316446013711,0.06694888590124362,0.11745306271052282,0.06962491119249767,0.07088994882228118
5,0,0.10282734684797903,0.3900622667649367,0.22065023771452452,2,960,-0.9567945688349296,1.7010541755174526,23.761010422737613,10402,-0.23776609701606383,-0.13401857605013123,0.16606063704936608,-0.11152175140035088,0.1438263106252765,-0.09262521106936908,0.1397894862237646,0.75,-0.16319926684648345,0.21693519214104207,-0.1918162784236566,0.08189744033586824,-0.18595203225972734,0.08984593666414115,-0.13897081509613354,0.05052826792571599
5,1,0.10282734684797903,0.3900622667649367,0.22065023771452452,2,960,-0.9398821580049395,1.4893116143477139,20.433327619286793,10110,-0.5059453643833637,-0.42780491554829875,0.12332388429956087,-0.41818566548842623,0.13000532419564392,-0.33557179560922956,0.14881688114199323,1.0,-0.4160732394533504,0.14398940703957433,-0.4600715948867199,0.06961334109791766,-0.46577943225695384,0.04688753263269095,-0.4487612967569616,0.04889622539573592
6,0,0.14481789330666583,0.11970333051092637,-0.18529063161099368,2,960,-0.9609914624986927,1.9287359593212916,21.94448527499446,9656,-0.25874523916701264,-0.2390359584424735,0.13455225881489863,-0.22284520056347654,0.13003085965234507,-0.17846498834966745,0.1345025260981059,1.0,-0.26381990332398847,0.07900930606774662,-0.27023409153196987,0.11238148230429353,-0.24399697170601092,0.06731957484358309,-0.2077236880331355,0.0645940951099682
6,1,0.14481789330666583,0.11970333051092637,-0.18529063161099368,2,960,-0.9717729529432118,1.9853607781662073,23.126540481923996,9804,-0.2506500625257652,-0.19500847558890536,0.11585121801275099,-0.26398564629554866,0.12806783063249746,-0.17445494486000615,0.17395754668720695,1.0,-0.1469975232889504,0.20393237841952855,-0.24404906225810152,0.094518363117082,-0.26463392025907284,0.0592147500432416,-0.19760582118768205,0.030724622868384944
7,0,0.16408030385852362,0.5978990382002259,0.015396213288120464,2,960,-0.9755841108162097,2.896662798524121,28.012042974056712,9928,0.17319090280682942,0.09128479596299169,0.1855019465164511,0.12500845154862378,0.22465237966512386,0.1008156660890535,0.16856323388267871,0.35,0.143288062495947,0.11437702387970496,0.009922940002269533,0.11122978434203291,0.05846562975987496,0.10470315335122034,0.1409026558693079,0.04436314424574751
7,1,0.16408030385852362,0.5978990382002259,0.015396213288120464,2,960,-0.9875002981271848,5.729530301318466,44.01677592420734,9739,-0.1411619715498969,-0.1084222733399672,0.19868571579724023,-0.08335853293526883,0.14517650948388644,0.015328825168544983,0.13664033444462864,0.65,-0.09839402802137266,0.1232248843290822,-0.1245166827376875,0.08189405065791808,-0.13464892751158253,0.09911744011352613,-0.12076022833099849,0.07993143249601718
8,0,0.06083124039194054,0.9325802939829755,0.16928170316954483,2,960,-0.3129805988540422,0.13989452769801147,5.3672505596208735,9988,0.6139784409547433,0.411623513036368,0.1296627801994696,0.3969477597152779,0.13173039591797797,0.35761618102997217,0.13133425490784587,0.0,0.5131260578692797,0.12386008286805014,0.45508663873613814,0.07967223301339087,0.4813451557680001,0.052705708921231234,0.4436507652894662,0.04923021351820462
8,1,0.06083124039194054,0.9325802939829755,0.16928170316954483,2,960,-0.2888548123238798,0.12698504336782743,5.805255170150498,9759,0.5908101571592392,0.5088505374281149,0.1342804038758306,0.50953342012003,0.15485331406115996,0.37984363966323803,0.1532756444024517,0.0,0.5122580260162913,0.08150159599971081,0.479825176233601,0.0813175496904103,0.5193915285000049,0.06138571194039496,0.5000715526062418,0.06671423738268177
9,0,0.17509323701185658,0.8298161535165268,-0.811898527032601,2,960,-0.9630198311886664,1.9976417094024856,22.834846664921418,9007,0.26467965741886973,0.2113965079225651,0.1562788431983122,0.21764719839433305,0.17025846794958935,0.1489214373961032,0.18750712252815277,0.2,0.21606605017627695,0.1296458167876346,0.1980674999027865,0.12450564210233635,0.2201089401002388,0.0512319837632099,0.19947639127702893,0.051867520206729946
9,1,0.17509323701185658,0.8298161535165268,-0.811898527032601,2,960,-0.9625253515926998,2.057609671526856,23.444853724399994,8701,0.045400363491867456,0.04194040669380707,0.17387187908999105,0.05289665132857204,0.13932023423569628,0.021273477125711347,0.12057326020047017,0.4,0.08313056316994269,0.22322073400612313,0.06153536910439468,0.08193595416256481,0.05050075651332414,0.06706314038282438,0.011026465765864355,0.04528969994426838
10,0,0.03981166508181363,0.07776384431179435,-0.06055216108573558,2,960,-0.6185173130567644,0.18719789215017135,7.327645288659258,9766,0.09841448802704134,0.07772699481774789,0.14185997173767606,0.04526635167213156,0.13615573714955853,0.08232963111989655,0.17057124454221786,0.3,0.08111991949000866,0.13284159878145207,0.07391941021391155,0.07572822807983368,0.04394199740376474,0.10350083384175326,0.06483289876650773,0.04508714697683884
10,1,0.03981166508181363,0.07776384431179435,-0.06055216108573558,2,960,-0.1835113850010028,0.16009333595587005,5.123412807519106,10125,-0.22660529510408747,-0.1011136778161218,0.17020836220070734,-0.1497421100159339,0.1641277871018011,-0.0888528119306257,0.19169416730590771,0.85,-0.0950689950559687,0.16984948212649392,-0.19335304798195127,0.1263158378010296,-0.1386284147508606,0.07346156625689192,-0.12445809815713364,0.05441047372120951
11,0,0.01619541356151782,0.24119170018228853,-0.7758696254452696,2,960,0.7726468668986527,0.22726712754900036,2.195508541183739,8917,0.27200348855828727,0.19339495131568046,0.12488736381764391,0.15886034319112638,0.1544866397455875,0.12996638929170473,0.15041764292779589,0.15,0.12332101452847022,0.10958396667983475,0.24053200490501253,0.07473161259554155,0.1704013964637773,0.05175318278326435,0.21481878291263334,0.04610907763758333
11,1,0.01619541356151782,0.24119170018228853,-0.7758696254452696,2,960,0.8056976384247402,0.24403777909568367,2.0194406744207285,8959,0.10093082118640151,0.015972029990211634,0.16188832477746648,0.050568603000395486,0.13385135703154102,-0.0017224697063623652,0.15852371457493766,0.45,-0.08211144498038156,0.1676008990092879,0.048106023289392355,0.07313100712762882,0.03746377231771313,0.09739598525326325,0.04092486525797078,0.0578096256176211
