population,rep,n_lines,k,r_assay_original,r_assay_recombined,sd_original,sd_recombined,z,power_two_sided
hri_drosophila_R0.001,0,39,4,-0.07899696308700503,-0.05385284758548866,0.12882530128500658,0.166441412448012,-0.11946504809793126,0.05163218242520894
hri_drosophila_R0.001,0,100,4,-0.04344603233789652,-0.08256811368259698,0.10117720750407154,0.1261578232761991,0.24191584758116533,0.056726260163590884
hri_drosophila_R0.001,0,200,4,-0.09263633743946204,-0.12723680586943606,0.05529910941127035,0.04851929089866875,0.470325522808676,0.0756975579627206
hri_drosophila_R0.001,1,39,4,-0.8329336925954516,-0.8260750262097198,0.03220166525028205,0.057994016198833175,-0.10339531174907023,0.05122125073701789
hri_drosophila_R0.001,1,100,4,-0.8318541571163296,-0.8236827290560269,0.02735690958472884,0.022618090637008335,-0.23020586809533805,0.05608818655727208
hri_drosophila_R0.001,1,200,4,-0.8371533732757793,-0.8213603155105524,0.016770450994454397,0.019233253541211772,-0.618899800887837,0.09489973792027279
hri_drosophila_R0.001,2,39,4,-0.7606328053744902,-0.7683743499007895,0.051675506194459875,0.057891131758832086,0.09976232848107579,0.051136587508232474
hri_drosophila_R0.001,2,100,4,-0.7807244536799868,-0.7465224784179707,0.04105024930195448,0.036301303649906566,-0.6241373935093899,0.09567823740287215
hri_drosophila_R0.001,2,200,4,-0.7826346430323836,-0.7802615409203744,0.03148147208767294,0.019263532124603615,-0.06429856603384815,0.050469488349315805
hri_drosophila_R0.001,3,39,4,-0.10465825464693017,-0.09161907108606179,0.16836370652573202,0.14304025022108374,-0.05902146781187182,0.050394906418878546
hri_drosophila_R0.001,3,100,4,-0.14314267536106953,-0.05352669172932105,0.08890669008802103,0.10560937636782664,-0.6491570501247717,0.09949369302578755
hri_drosophila_R0.001,3,200,4,-0.11741488692064861,-0.053433011598419455,0.04586324598124343,0.05620824639606752,-0.8819589159432226,0.14274957445895595
hri_drosophila_R0.001,4,39,4,-0.8409494737418888,-0.8036551948817767,0.04978356339344855,0.0556264956092531,-0.49958453326640967,0.0790428590672522
hri_drosophila_R0.001,4,100,4,-0.8313970384061513,-0.8145512204823444,0.029340294256614285,0.035568800095514407,-0.3653517969911221,0.06542204184343989
hri_drosophila_R0.001,4,200,4,-0.8353596706581161,-0.8064422796066596,0.022823089137511847,0.021553460548055643,-0.921176605156054,0.15142440730569698
hri_drosophila_R0.001,5,39,4,-0.4132550699612777,-0.34212251336490523,0.17908438002018795,0.17555267129206956,-0.28364672539459873,0.05926207792743353
hri_drosophila_R0.001,5,100,4,-0.4491962438898038,-0.2986385938515778,0.13521529171450927,0.10237588574417338,-0.8877245069493866,0.1439998066191019
hri_drosophila_R0.001,5,200,4,-0.41459214038018943,-0.3241458841361872,0.06103170235588542,0.08183082167934701,-0.8859979735399982,0.14362451048320124
hri_drosophila_R0.01,0,39,4,-0.8362530191570455,-0.8482756741163181,0.04520286279569934,0.04089582802081629,0.19723142579744607,0.054463583358119315
hri_drosophila_R0.01,0,100,4,-0.8406448722533737,-0.8460385494171057,0.025365861028876984,0.023511712068230467,0.15594737019443003,0.05278617036811803
hri_drosophila_R0.01,0,200,4,-0.8468988474914617,-0.8358916786270412,0.019350174071750027,0.017434344829411096,-0.42260761041213246,0.07069387789917286
hri_drosophila_R0.01,1,39,4,-0.14750723654485123,-0.12491719661211328,0.16151633060239529,0.17917976634531457,-0.09364442928670372,0.05100087671799797
hri_drosophila_R0.01,1,100,4,-0.1671813036988385,-0.14320427404958008,0.10857943729933334,0.11041359936666731,-0.15483346769316952,0.05274638485149101
hri_drosophila_R0.01,1,200,4,-0.15703737503656065,-0.14710379484475788,0.07799444259681566,0.06986504305791433,-0.09486722399346598,0.051027313187948425
hri_drosophila_R0.01,2,39,4,-0.0900171011781448,-0.030306353267849657,0.14068951249021786,0.11100530002710203,-0.33319134343987744,0.0628073669266929
hri_drosophila_R0.01,2,100,4,-0.05264226930529373,-0.058393852647588326,0.09303230153186684,0.10721524196197457,0.040518058635652346,0.050183860730394714
hri_drosophila_R0.01,2,200,4,-0.057081573145628894,-0.04681193796457111,0.058196526694395526,0.07120566028806682,-0.11167211743457413,0.05142547690424615
hri_drosophila_R0.01,3,39,4,0.06291586154056825,0.10584146940058885,0.16046249531416373,0.14823068725911892,-0.19650053535646583,0.054430444755873164
hri_drosophila_R0.01,3,100,4,0.0900525388551193,0.04791202648055261,0.10875210711354184,0.06746899360969644,0.32927213639310093,0.06250565003721921
hri_drosophila_R0.01,3,200,4,0.11007503500834648,0.059620003169578585,0.06774458802052166,0.06367874704561657,0.5426743153546075,0.08435681007669636
hri_drosophila_R0.01,4,39,4,-0.05505676647284604,-0.15918351788740093,0.1830937289062604,0.1382729498115925,0.45382994636924606,0.07390467643382902
hri_drosophila_R0.01,4,100,4,-0.17119616903833101,-0.13078146247729056,0.09961691088778574,0.11313701732527111,-0.2681030084587002,0.05826963122240573
hri_drosophila_R0.01,4,200,4,-0.10580384113129437,-0.15341745381603442,0.07913301017568043,0.07932599867604566,0.42494123471259493,0.07092562178448325
hri_drosophila_R0.01,5,39,4,-0.8401726782674993,-0.8424176177442945,0.05385233042971967,0.053359395289230845,0.02961234209147411,0.050096239272018867
hri_drosophila_R0.01,5,100,4,-0.8553110860551589,-0.8384687109526906,0.027639389027112597,0.017440356419176493,-0.5153437344003333,0.08093262987996983
hri_drosophila_R0.01,5,200,4,-0.8421376661846841,-0.8412234856956035,0.020922153183519438,0.015932562336827705,-0.03476240236183349,0.050134220115256894
hri_drosophila_R0.1,0,39,4,-0.15896036657390056,-0.053727543532594735,0.19384853175694547,0.20143802402520716,-0.37642125747343275,0.06637945582985627
hri_drosophila_R0.1,0,100,4,-0.16369795396180062,-0.13729113851615354,0.09540438453776501,0.08721665154078553,-0.20428861685021002,0.05478995397972941
hri_drosophila_R0.1,0,200,4,-0.14976839073882126,-0.1410344005246771,0.0697458140866724,0.05136048026237138,-0.10083545076870432,0.05116127959940157
hri_drosophila_R0.1,1,39,4,-0.09729909296620333,-0.12186180327086145,0.2106944419550527,0.1630819272203134,0.09219008923271911,0.05096988190889698
hri_drosophila_R0.1,1,100,4,-0.10499269257084018,-0.14912988616745865,0.1113777984077875,0.1067869075683649,0.2860481116213287,0.0594204908034431
hri_drosophila_R0.1,1,200,4,-0.09625476370349802,-0.11706355246970782,0.07635963778727811,0.08702487272516582,0.17973290896016028,0.053704309030040455
hri_drosophila_R0.1,2,39,4,-0.15067680461199734,-0.05877014745817818,0.15370493523960374,0.14414347190623358,-0.4361571796357333,0.07205798192321888
hri_drosophila_R0.1,2,100,4,-0.06049422714481971,-0.09829649798955502,0.10179548215407153,0.06599774133439833,0.31159692617436746,0.061190426203294394
hri_drosophila_R0.1,2,200,4,-0.03234708470365092,-0.08501652098538903,0.054587225733394286,0.050284390637971015,0.7096602219059123,0.10938412859511298
hri_drosophila_R0.1,3,39,4,0.027030954428524212,-0.13754873701067324,0.18169727343261757,0.1589544524736938,0.6817339434398844,0.10470195698090168
hri_drosophila_R0.1,3,100,4,-0.012809427367829609,-0.05332946421120407,0.10610834979782512,0.10380488232352561,0.27297248116840583,0.05857440988475533
hri_drosophila_R0.1,3,200,4,-0.010820304258038052,-0.06753565373168101,0.04264374570719464,0.05824552266741725,0.7856675706699119,0.12315034531906703
hri_drosophila_R0.1,4,39,4,-0.1840771521050198,-0.12238863928828,0.15700327938410052,0.15847451314597666,-0.27653224689469724,0.05880075212986262
hri_drosophila_R0.1,4,100,4,-0.1858258540648022,-0.1102363018699503,0.08526445454768973,0.09364179960289672,-0.5968643629184691,0.0917009032262354
hri_drosophila_R0.1,4,200,4,-0.18218015058695297,-0.09275898599184255,0.07324449565745311,0.08236109299823664,-0.8113085244945599,0.12813318596779255
hri_drosophila_R0.1,5,39,4,-0.14204974544029375,-0.007782652056532185,0.16872054480351353,0.15767217484201076,-0.5814273454999817,0.08953332072370793
hri_drosophila_R0.1,5,100,4,-0.09926153614094177,-0.05053247993490954,0.09481456759657703,0.08047460576222425,-0.3918316354481536,0.06776153686671293
hri_drosophila_R0.1,5,200,4,-0.15044769920462184,-0.07660973512897705,0.06683867278434553,0.06466463984949285,-0.793960099258434,0.12474310405466757
hri_drosophila_R10,0,39,4,-0.008174106316236242,0.023673508916144843,0.19436587576955472,0.17568549344285433,-0.12155623819255772,0.0516900319076164
hri_drosophila_R10,0,100,4,0.011820987889202963,0.02363105637874431,0.09888270086097849,0.07205688544255687,-0.09652543305179717,0.05106371246669396
hri_drosophila_R10,0,200,4,0.037554202690810105,0.03890080692159697,0.08110695393716921,0.06114303009152239,-0.013257672857030549,0.050015923516761054
hri_drosophila_R10,1,39,4,0.010752928882088859,-0.009448743734004832,0.13587736898656697,0.1731396651830434,0.09178786068122148,0.05096139548144767
hri_drosophila_R10,1,100,4,0.016205009382583437,-0.01291269324803381,0.07702680350818807,0.08885721823440398,0.24760869987844603,0.05704807170869988
hri_drosophila_R10,1,200,4,0.013664254803067061,-0.010448393836561157,0.04411096325065212,0.05247945440140006,0.3517239852062758,0.06428382003015415
hri_drosophila_R10,2,39,4,0.028365721947779678,-0.014806846940111505,0.19299065299260393,0.13595090562227194,0.18288201716864555,0.053835701663419125
hri_drosophila_R10,2,100,4,0.0015383700564067244,-0.007800492275586844,0.0935767677766739,0.09936043265702195,0.06842234496727746,0.05053221843115513
hri_drosophila_R10,2,200,4,0.02822782639295383,0.0017362397041212623,0.061934996500152766,0.0618497441674469,0.3026605064307047,0.06055374101590928
hri_drosophila_R10,3,39,4,-0.00324017726257969,-0.07789545112699386,0.14428385055643533,0.16888675175035261,0.3360922021095348,0.06303304907092824
hri_drosophila_R10,3,100,4,-0.04763237898737481,-0.02337567012421795,0.11976708892426705,0.11752846107871968,-0.1445566098386661,0.0523928600607757
hri_drosophila_R10,3,200,4,-0.0019505153333102486,-0.04318317930725964,0.059747648798880094,0.06939552269935358,0.45027350444238307,0.07352689657540942
hri_drosophila_R10,4,39,4,0.017530397037261947,-0.028014375647783262,0.1444840364957618,0.15208905454773902,0.2171096124308909,0.05541257673194633
hri_drosophila_R10,4,100,4,-0.03317106896375033,-0.02829762480782675,0.08535351652099253,0.09952359863859175,-0.03717028703685712,0.05015406342476315
hri_drosophila_R10,4,200,4,0.0058012672343004095,-0.0391330600897026,0.08125188646321065,0.06776730312309864,0.42469801496959414,0.07090140651513512
hri_drosophila_R10,5,39,4,0.04180485652229281,0.09583820331547713,0.149268658714211,0.1629092971259852,-0.2445459296067345,0.05687399144893359
hri_drosophila_R10,5,100,4,0.03524806178117217,0.05682918646511109,0.08543754314874512,0.10895101003200919,-0.15587059432033995,0.052783418934552975
hri_drosophila_R10,5,200,4,0.019449101315751255,0.08714385228815025,0.0403005870516231,0.07107121727517149,-0.8285544548605691,0.1315809977707274
hri_drosophila_R1,0,39,4,0.05785612497727081,-0.06983226556789804,0.18141580943355237,0.16694135449492598,0.5179252604900033,0.08124808633635787
hri_drosophila_R1,0,100,4,0.10147129175838501,-0.047603422154877034,0.10479239495888727,0.09445013905685033,1.056702233196769,0.18446164421272906
hri_drosophila_R1,0,200,4,0.10364127052769072,-0.07094283958066398,0.05220866276118824,0.05069391022669313,2.399089387788376,0.6697081461048139
hri_drosophila_R1,1,39,4,-0.029805959500366786,0.026323964102298154,0.1594253302434343,0.14724453132847812,-0.25864020773815327,0.05769332920272055
hri_drosophila_R1,1,100,4,-0.029576864815634523,-0.0025422371396590987,0.09168113110137092,0.08262634612764465,-0.21904542565766755,0.055509917588377373
hri_drosophila_R1,1,200,4,-0.03536662137559447,-0.04035447079982911,0.060634010278807146,0.06830737015947039,0.054609518788099706,0.05033745548087183
hri_drosophila_R1,2,39,4,0.021500651098016597,-0.09314125613093384,0.1592004156907502,0.1490603249738554,0.5256605023081072,0.08220326508048463
hri_drosophila_R1,2,100,4,-0.0054790738273108605,-0.07015562426472863,0.1190966852515746,0.07717511185452347,0.4557397584155808,0.07410882611313668
hri_drosophila_R1,2,200,4,0.002615073762382908,-0.09346973618030911,0.07822741997638563,0.05208007456653761,1.0224181810942499,0.17565958456611017
hri_drosophila_R1,3,39,4,-0.0020358038940567966,0.05565712481783772,0.15880616824443042,0.13707205236399522,-0.27501478760167,0.058703901259126084
hri_drosophila_R1,3,100,4,0.031991492067504713,0.03685710905929165,0.10323007830802323,0.1378853199547972,-0.028248009585463828,0.05008719600029998
hri_drosophila_R1,3,200,4,0.016823893275164856,0.04370083314523223,0.054961823528625005,0.045225630175698216,-0.37760730123619246,0.06648378965333666
hri_drosophila_R1,4,39,4,-0.13979589901163916,-0.11144333479336148,0.13929598370664578,0.15228500003952025,-0.1373781484893937,0.05216039880571108
hri_drosophila_R1,4,100,4,-0.1280310988716673,-0.14973163009496887,0.10680049766379092,0.08564091758548338,0.15851753478994396,0.0528790650549827
hri_drosophila_R1,4,200,4,-0.12837464580164268,-0.10926826949008683,0.07253511045950212,0.05168794080787348,-0.21451615184205866,0.055283537653827534
hri_drosophila_R1,5,39,4,-0.032931136995439425,-0.13777394888803518,0.16814958375067313,0.1339739868454929,0.4876498911501872,0.07765274428999369
hri_drosophila_R1,5,100,4,-0.0690814255251794,-0.12387325054294376,0.08543193686868446,0.11117494489298768,0.39078757974944706,0.06766608810576831
hri_drosophila_R1,5,200,4,-0.05841253702353094,-0.09066657753937235,0.061632565890011495,0.0550400838112055,0.39033534595467617,0.06762482623593478
hri_paper_R0.001,0,39,4,-0.7915060208911502,-0.7785706958110467,0.055040862387818426,0.0782696851688229,-0.13518639597885967,0.05209179417712921
hri_paper_R0.001,0,100,4,-0.7622149547658473,-0.7713288576583521,0.043004881683524905,0.0491598333696891,0.13953669099128935,0.05222904792678896
hri_paper_R0.001,0,200,4,-0.7666085316852619,-0.7660233671105038,0.023599842591067264,0.025541055975855854,-0.01682717995919323,0.050028224601606025
hri_paper_R0.001,1,39,4,-0.2320852667961652,-0.28528925750657586,0.13596595104058667,0.15195740190086818,0.26092368216916245,0.057830467898293686
hri_paper_R0.001,1,100,4,-0.19948644662902965,-0.21274379938859664,0.11546879423830153,0.07759935715234324,0.0952935618942594,0.051036611326399285
hri_paper_R0.001,1,200,4,-0.2401589765396773,-0.22385232935235946,0.06176440713786863,0.0603303452661087,-0.1888655376913422,0.05409170238648908
hri_paper_R0.001,2,39,4,-0.8051832738611596,-0.745825196513253,0.06059280332788374,0.0697510429605673,-0.6424434744957753,0.09845417714839931
hri_paper_R0.001,2,100,4,-0.797376457189505,-0.7542293283939292,0.03700939994431985,0.03352599966197974,-0.864033963334028,0.1389179868947387
hri_paper_R0.001,2,200,4,-0.7968433460816492,-0.7555684229382136,0.022325942914884284,0.026395549379833842,-1.1939081894236128,0.22261633653092952
hri_paper_R0.001,3,39,4,-0.782959188857039,-0.8274757204220438,0.07150567852950021,0.03840078089269459,0.5484726866701803,0.08510731100674325
hri_paper_R0.001,3,100,4,-0.7740548027495151,-0.8224905422248743,0.029737378206026423,0.019894104584782028,1.3537740370879103,0.2726425865749609
hri_paper_R0.001,3,200,4,-0.7796583743496043,-0.8188410744830497,0.022216265166597114,0.019509875061307573,1.3252247554077037,0.26329701073027445
hri_paper_R0.001,4,39,4,-0.15365746853552287,-0.04952136006061957,0.12952149425030418,0.18610139159978123,-0.4592820394333997,0.07448985146331705
hri_paper_R0.001,4,100,4,-0.07925371002185051,-0.018880064701823223,0.08037471904834186,0.08410651488460266,-0.5189604864271716,0.08137505513196044
hri_paper_R0.001,4,200,4,-0.04927982510999242,0.0011957514478086108,0.05128758776047163,0.05391902598429729,-0.678293160546222,0.10413897810955255
hri_paper_R0.001,5,39,4,-0.796453011424745,-0.7553616388525873,0.055861651639572685,0.10034650424874186,-0.3577907885138125,0.0647850238833116
hri_paper_R0.001,5,100,4,-0.7748674303453753,-0.7682250695584502,0.03980640492147828,0.03133538584659012,-0.13111594999685763,0.05196732569400743
hri_paper_R0.001,5,200,4,-0.7796171541209225,-0.7535960134080755,0.02297252797664346,0.02778830283966972,-0.7217169078261086,0.11146782608160687
hri_paper_R0.01,0,39,4,-0.34093722709528756,-0.30637796549098995,0.1516373613115661,0.11375051971692819,-0.18231285516781004,0.05381178361779943
hri_paper_R0.01,0,100,4,-0.32944698436782605,-0.3294064557997447,0.08508033098869107,0.10498627154714672,-0.0002999173558387814,0.04999580059974443
hri_paper_R0.01,0,200,4,-0.33180920079559983,-0.34187985107385244,0.07438625456275758,0.058837141813246584,0.10618274154739321,0.05128826816942489
hri_paper_R0.01,1,39,4,-0.25795299956063117,-0.2814983746203988,0.15416060585414432,0.10322779257388486,0.1269085578486101,0.05184268737102468
hri_paper_R0.01,1,100,4,-0.25728335881081893,-0.2707010496662765,0.09970801755558402,0.08175289198750713,0.10406244538596103,0.051237127689904724
hri_paper_R0.01,1,200,4,-0.2611956632207052,-0.25888261044735883,0.0678352814018731,0.06323426498092544,-0.024942002867917187,0.0500670517849893
hri_paper_R0.01,2,39,4,-0.09567604686274714,-0.030031372860963145,0.1389709754300484,0.1923652813208197,-0.27661673708106793,0.05880616063063222
hri_paper_R0.01,2,100,4,-0.13316924562691118,-0.013762625586423067,0.09857392917859936,0.07831796062442303,-0.9484329075382659,0.15768876893472705
hri_paper_R0.01,2,200,4,-0.10433230996429033,-0.030838943485264086,0.06673945239117608,0.06232197176730666,-0.8048453490245426,0.12686104023876224
hri_paper_R0.01,3,39,4,-0.10185593133481549,-0.08476331539324748,0.13055459122051644,0.14814194202268915,-0.08656232848021171,0.050854524453755566
hri_paper_R0.01,3,100,4,-0.13729307417221395,-0.07661210956346795,0.07068115311720731,0.09149030914744154,-0.5248640653874239,0.08210422829570976
hri_paper_R0.01,3,200,4,-0.09709137006685734,-0.056459314943427784,0.05703545527654214,0.049119508039658706,-0.5398080394843969,0.08398893264412079
hri_paper_R0.01,4,39,4,-0.8016069153082664,-0.7461439837410488,0.04915635866717183,0.051778454575027895,-0.7768377827814027,0.12147407559418107
hri_paper_R0.01,4,100,4,-0.7850796278314671,-0.7611858162214946,0.040754711699455604,0.04426743329792502,-0.39709830189941964,0.06824704432111746
hri_paper_R0.01,4,200,4,-0.7920045095666841,-0.7805000312427887,0.024323624099853874,0.027604062158069254,-0.3126929413822184,0.06126981905044719
hri_paper_R0.01,5,39,4,0.012056373809804465,0.07213658413658493,0.1256491073780551,0.16975097947165038,-0.2844781764231862,0.05931677220741473
hri_paper_R0.01,5,100,4,-0.02544190025895654,0.0034652742447778898,0.11842015653259727,0.12094430144184774,-0.17077993017925205,0.05334332860879687
hri_paper_R0.01,5,200,4,-0.013481899713173737,0.04009954129792356,0.04445211156369024,0.06813257007632259,-0.6586425488902028,0.10098208523633667
hri_paper_R0.1,0,39,4,-0.17943675515046736,-0.24519160631767054,0.13412945607620666,0.15651931747649458,0.31899913443646244,0.061732176137137953
hri_paper_R0.1,0,100,4,-0.17124978420897657,-0.22895665795444647,0.08897418101827147,0.08963171294433647,0.45692383745238574,0.07423584841496043
hri_paper_R0.1,0,200,4,-0.19094447581440305,-0.24799315000558425,0.06070274748982183,0.05597749006268005,0.6908876175112206,0.10621451973204027
hri_paper_R0.1,1,39,4,-0.136064527931774,-0.1089373140773036,0.21019931486189425,0.1809717810951003,-0.09780127518693219,0.05109214887162094
hri_paper_R0.1,1,100,4,-0.08939018270298554,-0.16607464264136257,0.09376806451199687,0.06650738227123028,0.6670564322775372,0.10232164125366945
hri_paper_R0.1,1,200,4,-0.16143560328480525,-0.15422212462795454,0.047791903908884915,0.05970897960761918,-0.09431819131229416,0.05101540073007471
hri_paper_R0.1,2,39,4,-0.17570239606221855,-0.17284861287355985,0.16868952586966038,0.19512105078806552,-0.011064135839024467,0.05000981236296065
hri_paper_R0.1,2,100,4,-0.10891658813633243,-0.16056628750420207,0.11143047042426116,0.11137296714371417,0.32783920976765657,0.06239625242768585
hri_paper_R0.1,2,200,4,-0.1513972867086269,-0.18838151759505478,0.07563472062594358,0.06010147682190772,0.38283412904415903,0.06694762647814739
hri_paper_R0.1,3,39,4,-0.09610008065465643,-0.11506754498742096,0.1810496736846425,0.18380058837949942,0.0735186065654173,0.050615134563973915
hri_paper_R0.1,3,100,4,-0.060684845823091096,-0.08688688176123646,0.09096644484877617,0.08388102304575741,0.2117553505326828,0.05514789713297121
hri_paper_R0.1,3,200,4,-0.06350793432997393,-0.11557904102787202,0.05513888347698625,0.060098657276752364,0.6384339184490625,0.09783884553697374
hri_paper_R0.1,4,39,4,-0.01833506981610042,-0.005414114229408488,0.14534572654837544,0.13419418618129966,-0.06531613991305478,0.0504846047628704
hri_paper_R0.1,4,100,4,0.04274758488502098,-0.031636243355785465,0.08458121285125006,0.09851162212421431,0.572886762176905,0.08835999261525794
hri_paper_R0.1,4,200,4,-0.0011439062215984816,-0.02928626353254906,0.06428978996438676,0.0561543035151815,0.329686753425265,0.06253739558843545
hri_paper_R0.1,5,39,4,-0.07938421608232184,-0.17354355726717233,0.15069663174176948,0.14778814972497123,0.44610346759117797,0.07308789057810387
hri_paper_R0.1,5,100,4,-0.07796291067363426,-0.19619569270876552,0.08327188298269006,0.08252543460870349,1.0084886277110927,0.17216876504324471
hri_paper_R0.1,5,200,4,-0.08527527014144497,-0.11527784876571814,0.057840345226439216,0.06621174667121815,0.34125801128296573,0.06343992005327288
hri_paper_R10,0,39,4,0.0011572443891933668,-0.03371344354290885,0.157128325841429,0.19578209957468443,0.13890616400477743,0.052208883750941015
hri_paper_R10,0,100,4,0.005461753374759236,0.03176167450041197,0.11917691937036613,0.09512694542120308,-0.17247324377597661,0.05341017669436404
hri_paper_R10,0,200,4,0.024228741985059917,0.03336479429053006,0.05330825232200392,0.050589508416658144,-0.12431363041382418,0.051767851652071234
hri_paper_R10,1,39,4,-0.07228307165462075,0.03357532057832266,0.15396022971809922,0.12060540793873917,-0.5412686641395726,0.08417614194539297
hri_paper_R10,1,100,4,-0.05926448669867729,-0.03756721076819842,0.10503369766262434,0.09559430502822767,-0.15277366870042564,0.05267357069536191
hri_paper_R10,1,200,4,-0.02699032378588296,-0.018450895306020676,0.054154635106175714,0.06453061648775296,-0.10136632432707172,0.05117359272487289
hri_paper_R10,2,39,4,-0.021447521274196323,-0.05130406544107822,0.1023719434584308,0.15180244111706193,0.1630653353492597,0.05304718498658953
hri_paper_R10,2,100,4,-0.07311716989878436,-0.02063082455279828,0.0892157958774006,0.10216510479643005,-0.3869642638925388,0.06731880686187489
hri_paper_R10,2,200,4,-0.04227387926125825,-0.016241975986489902,0.06558794804436897,0.07425440308169119,-0.262754287923227,0.0579412945713504
hri_paper_R10,3,39,4,0.011070514413186192,-0.028986419110043616,0.17712546098971643,0.163102584863572,0.16636195566490486,0.053172046512189916
hri_paper_R10,3,100,4,-0.04056586695378167,0.019316486946014393,0.09953976414058943,0.1114892926157184,-0.4006604345145239,0.06857922881979979
hri_paper_R10,3,200,4,-0.03418719779615949,-0.0668832417246765,0.0615407137732661,0.043875792455362383,0.4326014873949802,0.07169567339765254
hri_paper_R10,4,39,4,-0.07666969725204449,0.0559890473769894,0.16434478242356199,0.10902774725828994,-0.6726388951402267,0.10322044592825055
hri_paper_R10,4,100,4,-0.028315516275424092,0.04316836632841148,0.10762734933628265,0.057564172840398206,-0.5856722377998798,0.09012335276012894
hri_paper_R10,4,200,4,-0.014601809927416975,0.01781869391145796,0.05583680372980484,0.056061669097541636,-0.40974128147621924,0.06943998383687408
hri_paper_R10,5,39,4,0.022303830273341096,-0.03265803179884785,0.21556131076118842,0.1515098627302869,0.2085994390804319,0.05499502212824725
hri_paper_R10,5,100,4,0.03434577213252653,0.05511593248044746,0.09505956631580942,0.06892235766272524,-0.17689316981384803,0.05358779824505249
hri_paper_R10,5,200,4,0.0011483567525196602,0.03552864697843335,0.07547383653519461,0.05736922183328228,-0.36265145114014563,0.06519295941075254
hri_paper_R1,0,39,4,-0.06612945695364723,-0.02758970971859719,0.13436572767275323,0.17073587428073198,-0.17738438162404493,0.05360781816818244
hri_paper_R1,0,100,4,0.05051142256977864,-0.008814180087004766,0.08687364023170883,0.09343722840705436,0.46499438227585543,0.07511079983286031
hri_paper_R1,0,200,4,0.02873825799629969,0.0031130493171934457,0.06249014693896166,0.05304666499407492,0.3126195635833716,0.061264494810664705
hri_paper_R1,1,39,4,0.022247736631692376,0.07977947327494693,0.15596773897594524,0.1753560045934507,-0.24514758150267907,0.056908014149310196
hri_paper_R1,1,100,4,0.02485039955972478,0.075817722784369,0.0842296752425743,0.09206992409025648,-0.4084383124523824,0.06931524767852928
hri_paper_R1,1,200,4,0.005341465411024461,0.10511785085014178,0.050547977465179146,0.06323210406400968,-1.2325215673227887,0.2341716433621099
hri_paper_R1,2,39,4,0.0006744009278617284,-0.020496256975972925,0.22138964530934138,0.1352324036076032,0.081606174823248,0.0507589609634162
hri_paper_R1,2,100,4,-0.015027893410449616,0.01935547196397212,0.09754437926626207,0.09130736084723878,-0.2573390374387565,0.05761573325879302
hri_paper_R1,2,200,4,-0.01216729125854235,0.028586242007811437,0.06458706424568274,0.06143990626368953,-0.45717386618994105,0.0742627143492291
hri_paper_R1,3,39,4,-0.053389206275617496,-0.13736879478167285,0.12517087729081194,0.13290162750386633,0.45999407139997406,0.07456681348627546
hri_paper_R1,3,100,4,-0.0548991335466986,-0.09616382560524242,0.09287477455523208,0.09116919467004155,0.31706869645676866,0.061589635539870846
hri_paper_R1,3,200,4,-0.07004445037370134,-0.09938585090004867,0.05736241989474969,0.08390092071180243,0.2886919254365056,0.05959647281454553
hri_paper_R1,4,39,4,0.03728910637025136,0.029350717245031365,0.16278724919831658,0.14236963771978414,0.03670745368902142,0.05015014605468199
hri_paper_R1,4,100,4,-0.05041978001047637,0.062496056302939876,0.10859152796636949,0.1067614447851825,-0.7414865897831913,0.11496597914009277
hri_paper_R1,4,200,4,-0.055338775287446386,0.015022115210292846,0.07035812920293705,0.05403934075912836,-0.7931032053286117,0.1245776894153888
hri_paper_R1,5,39,4,0.0027256038145577442,-0.06469939855203656,0.17645718225543314,0.1467821880800799,0.2937576827716302,0.05993828843452972
hri_paper_R1,5,100,4,-0.026467981727923705,-0.022185370630766314,0.08977511232126446,0.09392814920442509,-0.0329606536212139,0.050120241185551355
hri_paper_R1,5,200,4,-0.017951194266566363,-0.05770542178864263,0.06462464774960026,0.05772042315928383,0.4587978862073408,0.0744375915695345
lh_sexlimited,0,39,4,-0.052987352744250774,-0.08835911918357581,0.12176370510875757,0.1335954966017461,0.19568365683457567,0.05439355454842885
lh_sexlimited,0,100,4,-0.08792272664108086,-0.09950614875055967,0.09587473118168668,0.11703301900147037,0.07656431454122062,0.05066753499753772
lh_sexlimited,0,200,4,-0.07061604236700544,-0.08667644337152941,0.058802270555058656,0.05269350521053563,0.2034052229552276,0.05474846504312421
lh_sexlimited,1,39,4,0.013211447578291282,-0.06726652338157754,0.1127044866895534,0.14045388562476865,0.4468957800404652,0.07317097417656124
lh_sexlimited,1,100,4,-0.01928126460475952,-0.06471083131492752,0.07006832272290953,0.0780682062950938,0.4330709647572129,0.0717433338997555
lh_sexlimited,1,200,4,-0.025437787263933136,-0.09007047394469832,0.05186036256894289,0.05506242879883977,0.8544806996473946,0.13691012361269472
lh_sexlimited,2,39,4,0.04271144329691962,0.03776409918258962,0.16668401074726968,0.15576574969267504,0.021685839362048903,0.050049659442426384
lh_sexlimited,2,100,4,0.025406141670513686,0.0073329723432653034,0.11153814503061617,0.09542699460171206,0.12312329099419286,0.051734042619971915
lh_sexlimited,2,200,4,-0.020801073700319025,-0.0021605243890019067,0.06552161971195668,0.04491154989730044,-0.23466026361584255,0.05632712098149695
lh_sexlimited,3,39,4,-0.11210315748148554,-0.024218716393961743,0.17305727174874314,0.15747987086493245,-0.37559947303577296,0.06630736408516583
lh_sexlimited,3,100,4,-0.09823933274825468,-0.02391153461030938,0.1152288300122667,0.10512936683398641,-0.47652029266422985,0.07638817070298917
lh_sexlimited,3,200,4,-0.10025215455801065,-0.07479467440145124,0.06256651930426901,0.06727514250173665,-0.2770964507911736,0.058836900653913
lh_sexlimited,4,39,4,-0.11760610796611978,-0.10515354149313534,0.13226293989225016,0.17631135999312122,-0.056498091111753586,0.050361501237181305
lh_sexlimited,4,100,4,-0.1546387128190903,-0.07764725707267353,0.10272803436912183,0.09548819172062792,-0.5489449934892001,0.0851688146583071
lh_sexlimited,4,200,4,-0.1704501561553095,-0.07526521568405006,0.049355012256290715,0.05963193379114729,-1.2296641636233154,0.2333046551509214
lh_sexlimited,5,39,4,-0.019253448404986183,-0.010258685896066664,0.11453869893724279,0.14414058291359474,-0.04885599947005564,0.05026924269495668
lh_sexlimited,5,100,4,-0.029924415262805804,-0.0056302406894829,0.09270206680498441,0.09720810023380723,-0.18086174428593887,0.05375114355248542
lh_sexlimited,5,200,4,0.0054514794655945034,-0.014669762002716219,0.06737710469449257,0.06983369563826643,0.20735374278882196,0.05493531874559286
lh_shared,0,39,4,-0.16789931859192922,0.09408224137144483,0.13641186051067059,0.12811991617117074,-1.3998922795204858,0.2880928466820936
lh_shared,0,100,4,-0.1501164374313103,0.07490904705295602,0.08331632668565687,0.10433304852074757,-1.685359798610593,0.3919298476150537
lh_shared,0,200,4,-0.11288167509207289,0.06199810488186406,0.042767506086056443,0.05212972114010192,-2.5935688487798134,0.7368215192136846
lh_shared,1,39,4,0.10047782306381345,0.1989348037218466,0.11983321355285301,0.15707409336916106,-0.49835016838353036,0.07889744601148195
lh_shared,1,100,4,0.10939515121375638,0.16371835752516098,0.08468407357867311,0.10709040722232065,-0.39789215935071054,0.0683208086910703
lh_shared,1,200,4,0.09399358408559069,0.13328517949055135,0.0667790105707562,0.06248706817392084,-0.4296262764432596,0.07139488707435893
lh_shared,2,39,4,0.018101604890304296,0.03067614041439809,0.18835376773933446,0.15323060937465546,-0.051787523383732555,0.050303049702362976
lh_shared,2,100,4,0.06709005141598011,0.05579689706725718,0.1220057237037527,0.07621828925023102,0.07850304296830644,0.050701999787297225
lh_shared,2,200,4,0.10863447288175213,0.04206944708453573,0.050075407790660324,0.07493949891510095,0.7385419716846854,0.11443852166359746
lh_shared,3,39,4,0.015132123190737905,0.10435420256744017,0.19000034664237428,0.16422699754709377,-0.35527015617161767,0.0645757115566682
lh_shared,3,100,4,0.05033974784150149,0.1034792377495656,0.09662658014212365,0.09302736937470675,-0.3961797695229556,0.06816188583859054
lh_shared,3,200,4,0.05139597991508952,0.11385452324925845,0.05366425006968235,0.058603321124612584,-0.7860182877893942,0.12321734543909918
lh_shared,4,39,4,0.2981637251306558,0.15361291409809014,0.13866431770047516,0.14114169343632715,0.7305693842048987,0.113021708670026
lh_shared,4,100,4,0.22761547196238321,0.1460869433450655,0.08342868222180555,0.10478107300602128,0.6087029779615971,0.09340414832092735
lh_shared,4,200,4,0.23684303356046948,0.12943622744178435,0.05723471214157541,0.06976684413181806,1.1902373929207566,0.22153605149633918
lh_shared,5,39,4,0.24823546931406487,0.09101174192588969,0.12385219135963674,0.18619116191478866,0.7030800865256764,0.10826276764063092
lh_shared,5,100,4,0.23231571574480148,0.19791782620521142,0.09240254513433874,0.12020512162620169,0.22687461801948683,0.0559125320962042
lh_shared,5,200,4,0.24362376213950906,0.21139960669749264,0.06277961920617589,0.0635043747617138,0.36086194096937363,0.06504211295734215
lh_trueSA,0,39,4,-0.8320523015457253,-0.6900638958457387,0.04599724892485063,0.10479800718183731,-1.2406356846115703,0.23664386281646824
lh_trueSA,0,100,4,-0.8607515128651816,-0.6845968834965236,0.021550476033375718,0.05924439483309306,-2.7942327070688284,0.7979260641569582
lh_trueSA,0,200,4,-0.8519050776719757,-0.695785907232133,0.019081041209270115,0.039102956059830093,-3.5881147622010223,0.9482497374685369
lh_trueSA,1,39,4,-0.8496547511030921,-0.6841369780379344,0.04373565201312175,0.10079095692998062,-1.5064744834695372,0.32534885275578324
lh_trueSA,1,100,4,-0.8503058439762222,-0.6792573117917222,0.02822713564144328,0.03823855525678931,-3.598862426774496,0.9493790563839456
lh_trueSA,1,200,4,-0.8363636389571246,-0.6854000256068169,0.016379030607227944,0.03710330900232668,-3.7221923439877393,0.9609816040490349
lh_trueSA,2,39,4,-0.8327800064559966,-0.6740594925933518,0.04654865787054827,0.10188940759519725,-1.4169086257679722,0.29389997264769924
lh_trueSA,2,100,4,-0.8316556227066079,-0.6846131737658616,0.02926457826856523,0.04258590973354112,-2.845699970744134,0.8121111590072515
lh_trueSA,2,200,4,-0.836027755205792,-0.6911342772447118,0.016517036875580527,0.03624002171199043,-3.6381154723597584,0.9533377314340358
lh_trueSA,3,39,4,-0.8515322712251165,-0.714561734890548,0.029895431025050243,0.07401811251725993,-1.7158330785685645,0.4036693096077995
lh_trueSA,3,100,4,-0.8399175434056387,-0.6782444324976947,0.023006770106961956,0.05758304864168958,-2.6072513723503463,0.741267836876036
lh_trueSA,3,200,4,-0.8408708666783218,-0.6952141124940399,0.017932228662642217,0.024196207055193354,-4.836396457203293,0.9979887793021125
lh_trueSA,4,39,4,-0.8163564392486726,-0.6727336919295769,0.05341628749634105,0.0740940664919239,-1.5723749270664602,0.3493526781909206
lh_trueSA,4,100,4,-0.8412057752208387,-0.699000942729753,0.023496174491134083,0.05645887915347584,-2.3253986178448587,0.6426021841771932
lh_trueSA,4,200,4,-0.8374684401115223,-0.6815186456282001,0.01779817914416688,0.031109071458622944,-4.351203380562956,0.9916033764427288
lh_trueSA,5,39,4,-0.8469157166760952,-0.7113826529532721,0.04475684222255291,0.07501874644685144,-1.5515111173230596,0.3416801788288089
lh_trueSA,5,100,4,-0.8368144470757611,-0.7092411397499785,0.024713580782830608,0.05119285412141131,-2.244190872141586,0.6118810457933278
lh_trueSA,5,200,4,-0.8412290501055717,-0.7200072987413649,0.0183983929051756,0.024807097087074025,-3.924919374067919,0.9752882170024909
