population,rep,k,r,r_LE,r0,R_A_per_meiosis
hri_drosophila_R0.001,0,0,-0.09539145490904355,0.0017500538485036798,-0.09539145490904355,0.001
hri_drosophila_R0.001,0,1,-0.12441918898893982,0.0017500538485036798,-0.09539145490904355,0.001
hri_drosophila_R0.001,0,2,-0.11805379253083222,0.0017500538485036798,-0.09539145490904355,0.001
hri_drosophila_R0.001,0,4,-0.06374169294706065,0.0017500538485036798,-0.09539145490904355,0.001
hri_drosophila_R0.001,0,8,0.03246744808873115,0.0017500538485036798,-0.09539145490904355,0.001
hri_drosophila_R0.001,0,16,-0.07237648695697058,0.0017500538485036798,-0.09539145490904355,0.001
hri_drosophila_R0.001,1,0,-0.9998973780109629,0.04159670044812463,-0.9998973780109629,0.001
hri_drosophila_R0.001,1,1,-0.9998989839762439,0.04159670044812463,-0.9998973780109629,0.001
hri_drosophila_R0.001,1,2,-0.9998866232686868,0.04159670044812463,-0.9998973780109629,0.001
hri_drosophila_R0.001,1,4,-0.9998773541369816,0.04159670044812463,-0.9998973780109629,0.001
hri_drosophila_R0.001,1,8,-0.999874357222973,0.04159670044812463,-0.9998973780109629,0.001
hri_drosophila_R0.001,1,16,-0.9999134452654056,0.04159670044812463,-0.9998973780109629,0.001
hri_drosophila_R0.001,2,0,-0.9962912390163201,0.01363546588106129,-0.9962912390163201,0.001
hri_drosophila_R0.001,2,1,-0.9959307430763354,0.01363546588106129,-0.9962912390163201,0.001
hri_drosophila_R0.001,2,2,-0.9940790726532732,0.01363546588106129,-0.9962912390163201,0.001
hri_drosophila_R0.001,2,4,-0.9957334456008793,0.01363546588106129,-0.9962912390163201,0.001
hri_drosophila_R0.001,2,8,-0.9973414038102546,0.01363546588106129,-0.9962912390163201,0.001
hri_drosophila_R0.001,2,16,-0.9954154254273886,0.01363546588106129,-0.9962912390163201,0.001
hri_drosophila_R0.001,3,0,-0.13619385147338697,-0.008026889810964857,-0.13619385147338697,0.001
hri_drosophila_R0.001,3,1,-0.09060371034798521,-0.008026889810964857,-0.13619385147338697,0.001
hri_drosophila_R0.001,3,2,-0.10434410938063776,-0.008026889810964857,-0.13619385147338697,0.001
hri_drosophila_R0.001,3,4,-0.1531313738672814,-0.008026889810964857,-0.13619385147338697,0.001
hri_drosophila_R0.001,3,8,-0.3555913067769857,-0.008026889810964857,-0.13619385147338697,0.001
hri_drosophila_R0.001,3,16,-0.3149697305715289,-0.008026889810964857,-0.13619385147338697,0.001
hri_drosophila_R0.001,4,0,-0.9990378659474862,-0.014792442543956346,-0.9990378659474862,0.001
hri_drosophila_R0.001,4,1,-0.9991694480323868,-0.014792442543956346,-0.9990378659474862,0.001
hri_drosophila_R0.001,4,2,-0.9991989858375506,-0.014792442543956346,-0.9990378659474862,0.001
hri_drosophila_R0.001,4,4,-0.9987273791005689,-0.014792442543956346,-0.9990378659474862,0.001
hri_drosophila_R0.001,4,8,-0.9989398212030254,-0.014792442543956346,-0.9990378659474862,0.001
hri_drosophila_R0.001,4,16,-0.999142587015038,-0.014792442543956346,-0.9990378659474862,0.001
hri_drosophila_R0.001,5,0,-0.6367695472941396,-0.021580392945413533,-0.6367695472941396,0.001
hri_drosophila_R0.001,5,1,-0.6784782100230623,-0.021580392945413533,-0.6367695472941396,0.001
hri_drosophila_R0.001,5,2,-0.6284836567304374,-0.021580392945413533,-0.6367695472941396,0.001
hri_drosophila_R0.001,5,4,-0.6270432552339628,-0.021580392945413533,-0.6367695472941396,0.001
hri_drosophila_R0.001,5,8,-0.644970530283227,-0.021580392945413533,-0.6367695472941396,0.001
hri_drosophila_R0.001,5,16,-0.6384606029141224,-0.021580392945413533,-0.6367695472941396,0.001
hri_drosophila_R0.01,0,0,-0.9991841450894544,-0.004881546793277218,-0.9991841450894544,0.01
hri_drosophila_R0.01,0,1,-0.9992594178533155,-0.004881546793277218,-0.9991841450894544,0.01
hri_drosophila_R0.01,0,2,-0.9992620538624688,-0.004881546793277218,-0.9991841450894544,0.01
hri_drosophila_R0.01,0,4,-0.998970489020988,-0.004881546793277218,-0.9991841450894544,0.01
hri_drosophila_R0.01,0,8,-0.9989427553273786,-0.004881546793277218,-0.9991841450894544,0.01
hri_drosophila_R0.01,0,16,-0.999064015195343,-0.004881546793277218,-0.9991841450894544,0.01
hri_drosophila_R0.01,1,0,-0.18341542085349627,-0.0011758829748371856,-0.18341542085349627,0.01
hri_drosophila_R0.01,1,1,-0.17278074278964797,-0.0011758829748371856,-0.18341542085349627,0.01
hri_drosophila_R0.01,1,2,-0.08481480572653946,-0.0011758829748371856,-0.18341542085349627,0.01
hri_drosophila_R0.01,1,4,-0.12358019144344233,-0.0011758829748371856,-0.18341542085349627,0.01
hri_drosophila_R0.01,1,8,-0.12722440274306915,-0.0011758829748371856,-0.18341542085349627,0.01
hri_drosophila_R0.01,1,16,-0.28842941243596343,-0.0011758829748371856,-0.18341542085349627,0.01
hri_drosophila_R0.01,2,0,-0.07397230591288727,-0.0028695866505150506,-0.07397230591288727,0.01
hri_drosophila_R0.01,2,1,-0.0025346058051286804,-0.0028695866505150506,-0.07397230591288727,0.01
hri_drosophila_R0.01,2,2,-0.07594021012605137,-0.0028695866505150506,-0.07397230591288727,0.01
hri_drosophila_R0.01,2,4,-0.007059805995858426,-0.0028695866505150506,-0.07397230591288727,0.01
hri_drosophila_R0.01,2,8,0.017672921689396985,-0.0028695866505150506,-0.07397230591288727,0.01
hri_drosophila_R0.01,2,16,-0.10320351540980151,-0.0028695866505150506,-0.07397230591288727,0.01
hri_drosophila_R0.01,3,0,0.1362327964677712,0.007630373437438029,0.1362327964677712,0.01
hri_drosophila_R0.01,3,1,0.19959199713694173,0.007630373437438029,0.1362327964677712,0.01
hri_drosophila_R0.01,3,2,0.1339841801009749,0.007630373437438029,0.1362327964677712,0.01
hri_drosophila_R0.01,3,4,0.20367141883261078,0.007630373437438029,0.1362327964677712,0.01
hri_drosophila_R0.01,3,8,0.07922281298445707,0.007630373437438029,0.1362327964677712,0.01
hri_drosophila_R0.01,3,16,0.3045207198744933,0.007630373437438029,0.1362327964677712,0.01
hri_drosophila_R0.01,4,0,-0.13322301174611567,0.019693389347600156,-0.13322301174611567,0.01
hri_drosophila_R0.01,4,1,-0.15331774723045175,0.019693389347600156,-0.13322301174611567,0.01
hri_drosophila_R0.01,4,2,-0.06463551687147484,0.019693389347600156,-0.13322301174611567,0.01
hri_drosophila_R0.01,4,4,-0.21641337034962205,0.019693389347600156,-0.13322301174611567,0.01
hri_drosophila_R0.01,4,8,-0.2862515314939446,0.019693389347600156,-0.13322301174611567,0.01
hri_drosophila_R0.01,4,16,-0.13574511819411983,0.019693389347600156,-0.13322301174611567,0.01
hri_drosophila_R0.01,5,0,-0.9998330370898285,-0.005305206893169605,-0.9998330370898285,0.01
hri_drosophila_R0.01,5,1,-0.9998276909708794,-0.005305206893169605,-0.9998330370898285,0.01
hri_drosophila_R0.01,5,2,-0.9997725736690122,-0.005305206893169605,-0.9998330370898285,0.01
hri_drosophila_R0.01,5,4,-0.9998501795156555,-0.005305206893169605,-0.9998330370898285,0.01
hri_drosophila_R0.01,5,8,-0.9997575505183115,-0.005305206893169605,-0.9998330370898285,0.01
hri_drosophila_R0.01,5,16,-0.9998983366629873,-0.005305206893169605,-0.9998330370898285,0.01
hri_drosophila_R0.1,0,0,-0.20685514210688544,0.009350946117530665,-0.20685514210688544,0.1
hri_drosophila_R0.1,0,1,-0.15855839791188092,0.009350946117530665,-0.20685514210688544,0.1
hri_drosophila_R0.1,0,2,-0.1764153274540227,0.009350946117530665,-0.20685514210688544,0.1
hri_drosophila_R0.1,0,4,-0.16582114375490117,0.009350946117530665,-0.20685514210688544,0.1
hri_drosophila_R0.1,0,8,-0.12922315557976957,0.009350946117530665,-0.20685514210688544,0.1
hri_drosophila_R0.1,0,16,-0.15201347484665284,0.009350946117530665,-0.20685514210688544,0.1
hri_drosophila_R0.1,1,0,-0.10599325508934028,-0.02213990372551072,-0.10599325508934028,0.1
hri_drosophila_R0.1,1,1,-0.08915478583364274,-0.02213990372551072,-0.10599325508934028,0.1
hri_drosophila_R0.1,1,2,-0.16117731790041923,-0.02213990372551072,-0.10599325508934028,0.1
hri_drosophila_R0.1,1,4,-0.07608344113293031,-0.02213990372551072,-0.10599325508934028,0.1
hri_drosophila_R0.1,1,8,0.008246893925094118,-0.02213990372551072,-0.10599325508934028,0.1
hri_drosophila_R0.1,1,16,0.05622903116406333,-0.02213990372551072,-0.10599325508934028,0.1
hri_drosophila_R0.1,2,0,-0.05539968912487182,0.010079865764131512,-0.05539968912487182,0.1
hri_drosophila_R0.1,2,1,-0.08582707270230452,0.010079865764131512,-0.05539968912487182,0.1
hri_drosophila_R0.1,2,2,-0.01617113483530221,0.010079865764131512,-0.05539968912487182,0.1
hri_drosophila_R0.1,2,4,0.050502166495161226,0.010079865764131512,-0.05539968912487182,0.1
hri_drosophila_R0.1,2,8,-0.19205803617958062,0.010079865764131512,-0.05539968912487182,0.1
hri_drosophila_R0.1,2,16,0.11566741353118681,0.010079865764131512,-0.05539968912487182,0.1
hri_drosophila_R0.1,3,0,0.024496007853248108,0.0006513282535006833,0.024496007853248108,0.1
hri_drosophila_R0.1,3,1,-0.07253044099087783,0.0006513282535006833,0.024496007853248108,0.1
hri_drosophila_R0.1,3,2,0.01501074350149087,0.0006513282535006833,0.024496007853248108,0.1
hri_drosophila_R0.1,3,4,-0.010244042881611052,0.0006513282535006833,0.024496007853248108,0.1
hri_drosophila_R0.1,3,8,0.038659215808638896,0.0006513282535006833,0.024496007853248108,0.1
hri_drosophila_R0.1,3,16,-0.206072815757762,0.0006513282535006833,0.024496007853248108,0.1
hri_drosophila_R0.1,4,0,-0.21701920965224142,-0.0068988475970204926,-0.21701920965224142,0.1
hri_drosophila_R0.1,4,1,-0.23797477767201183,-0.0068988475970204926,-0.21701920965224142,0.1
hri_drosophila_R0.1,4,2,-0.1668050183047332,-0.0068988475970204926,-0.21701920965224142,0.1
hri_drosophila_R0.1,4,4,-0.13128224142132525,-0.0068988475970204926,-0.21701920965224142,0.1
hri_drosophila_R0.1,4,8,-0.08734587429265929,-0.0068988475970204926,-0.21701920965224142,0.1
hri_drosophila_R0.1,4,16,-0.16947087182364717,-0.0068988475970204926,-0.21701920965224142,0.1
hri_drosophila_R0.1,5,0,-0.19274628312497802,-0.0065793615432572835,-0.19274628312497802,0.1
hri_drosophila_R0.1,5,1,-0.17487580093543373,-0.0065793615432572835,-0.19274628312497802,0.1
hri_drosophila_R0.1,5,2,-0.2021624133726216,-0.0065793615432572835,-0.19274628312497802,0.1
hri_drosophila_R0.1,5,4,-0.1568565644583811,-0.0065793615432572835,-0.19274628312497802,0.1
hri_drosophila_R0.1,5,8,-0.14690214066206805,-0.0065793615432572835,-0.19274628312497802,0.1
hri_drosophila_R0.1,5,16,-0.27794509392979433,-0.0065793615432572835,-0.19274628312497802,0.1
hri_drosophila_R10,0,0,0.01078482930399105,0.007250148582690144,0.01078482930399105,10.0
hri_drosophila_R10,0,1,0.07126076129010751,0.007250148582690144,0.01078482930399105,10.0
hri_drosophila_R10,0,2,-0.08127363434197078,0.007250148582690144,0.01078482930399105,10.0
hri_drosophila_R10,0,4,0.01817053363549924,0.007250148582690144,0.01078482930399105,10.0
hri_drosophila_R10,0,8,-0.032263131690108075,0.007250148582690144,0.01078482930399105,10.0
hri_drosophila_R10,0,16,-0.027869842683181337,0.007250148582690144,0.01078482930399105,10.0
hri_drosophila_R10,1,0,0.012662382182815587,-0.02860698193979667,0.012662382182815587,10.0
hri_drosophila_R10,1,1,0.016815241927762428,-0.02860698193979667,0.012662382182815587,10.0
hri_drosophila_R10,1,2,0.008198249091973732,-0.02860698193979667,0.012662382182815587,10.0
hri_drosophila_R10,1,4,-0.04520312910826625,-0.02860698193979667,0.012662382182815587,10.0
hri_drosophila_R10,1,8,-0.028530777071035626,-0.02860698193979667,0.012662382182815587,10.0
hri_drosophila_R10,1,16,0.011002596976890268,-0.02860698193979667,0.012662382182815587,10.0
hri_drosophila_R10,2,0,0.04629249271933894,-0.012848234174304954,0.04629249271933894,10.0
hri_drosophila_R10,2,1,-0.08820029425031808,-0.012848234174304954,0.04629249271933894,10.0
hri_drosophila_R10,2,2,-0.012084077398602759,-0.012848234174304954,0.04629249271933894,10.0
hri_drosophila_R10,2,4,-0.06044071132092327,-0.012848234174304954,0.04629249271933894,10.0
hri_drosophila_R10,2,8,-0.00014260468064064625,-0.012848234174304954,0.04629249271933894,10.0
hri_drosophila_R10,2,16,0.04601739389691432,-0.012848234174304954,0.04629249271933894,10.0
hri_drosophila_R10,3,0,-0.02429800472281009,0.012230727652442416,-0.02429800472281009,10.0
hri_drosophila_R10,3,1,-0.02517171543007433,0.012230727652442416,-0.02429800472281009,10.0
hri_drosophila_R10,3,2,0.030642175666892327,0.012230727652442416,-0.02429800472281009,10.0
hri_drosophila_R10,3,4,0.01592524573152656,0.012230727652442416,-0.02429800472281009,10.0
hri_drosophila_R10,3,8,-0.009671649513727773,0.012230727652442416,-0.02429800472281009,10.0
hri_drosophila_R10,3,16,-0.09384955860070296,0.012230727652442416,-0.02429800472281009,10.0
hri_drosophila_R10,4,0,-0.007481165308097448,-0.020617795593404507,-0.007481165308097448,10.0
hri_drosophila_R10,4,1,0.010810627905594583,-0.020617795593404507,-0.007481165308097448,10.0
hri_drosophila_R10,4,2,0.06503997915463157,-0.020617795593404507,-0.007481165308097448,10.0
hri_drosophila_R10,4,4,-0.006711472428796566,-0.020617795593404507,-0.007481165308097448,10.0
hri_drosophila_R10,4,8,0.09569863619185376,-0.020617795593404507,-0.007481165308097448,10.0
hri_drosophila_R10,4,16,-0.0335418080612562,-0.020617795593404507,-0.007481165308097448,10.0
hri_drosophila_R10,5,0,0.02917583112621992,0.014312032437154584,0.02917583112621992,10.0
hri_drosophila_R10,5,1,0.02722494338922085,0.014312032437154584,0.02917583112621992,10.0
hri_drosophila_R10,5,2,0.034736979797801694,0.014312032437154584,0.02917583112621992,10.0
hri_drosophila_R10,5,4,0.0895941125716674,0.014312032437154584,0.02917583112621992,10.0
hri_drosophila_R10,5,8,0.003061738264134837,0.014312032437154584,0.02917583112621992,10.0
hri_drosophila_R10,5,16,-0.07586888507991045,0.014312032437154584,0.02917583112621992,10.0
hri_drosophila_R1,0,0,0.132300986944343,-0.01916034542012009,0.132300986944343,1.0
hri_drosophila_R1,0,1,0.12039940481100471,-0.01916034542012009,0.132300986944343,1.0
hri_drosophila_R1,0,2,0.08384147593662031,-0.01916034542012009,0.132300986944343,1.0
hri_drosophila_R1,0,4,0.11031207806668253,-0.01916034542012009,0.132300986944343,1.0
hri_drosophila_R1,0,8,0.026416730780321206,-0.01916034542012009,0.132300986944343,1.0
hri_drosophila_R1,0,16,-0.07360309478896743,-0.01916034542012009,0.132300986944343,1.0
hri_drosophila_R1,1,0,-0.029991293831193394,-0.0005444446411365563,-0.029991293831193394,1.0
hri_drosophila_R1,1,1,-0.0808302360146598,-0.0005444446411365563,-0.029991293831193394,1.0
hri_drosophila_R1,1,2,0.017924337944360633,-0.0005444446411365563,-0.029991293831193394,1.0
hri_drosophila_R1,1,4,-0.015173170734678562,-0.0005444446411365563,-0.029991293831193394,1.0
hri_drosophila_R1,1,8,-0.03902040484243527,-0.0005444446411365563,-0.029991293831193394,1.0
hri_drosophila_R1,1,16,-0.010890387375400599,-0.0005444446411365563,-0.029991293831193394,1.0
hri_drosophila_R1,2,0,0.00405571015702884,-0.011220862856993313,0.00405571015702884,1.0
hri_drosophila_R1,2,1,0.0214716680520303,-0.011220862856993313,0.00405571015702884,1.0
hri_drosophila_R1,2,2,0.01724834683767944,-0.011220862856993313,0.00405571015702884,1.0
hri_drosophila_R1,2,4,-0.005194275348230053,-0.011220862856993313,0.00405571015702884,1.0
hri_drosophila_R1,2,8,-0.05043611317233562,-0.011220862856993313,0.00405571015702884,1.0
hri_drosophila_R1,2,16,0.052121042998282976,-0.011220862856993313,0.00405571015702884,1.0
hri_drosophila_R1,3,0,0.05882270505504872,0.014704054490744828,0.05882270505504872,1.0
hri_drosophila_R1,3,1,0.039364952878362176,0.014704054490744828,0.05882270505504872,1.0
hri_drosophila_R1,3,2,0.0771694727109485,0.014704054490744828,0.05882270505504872,1.0
hri_drosophila_R1,3,4,-0.008891332220927294,0.014704054490744828,0.05882270505504872,1.0
hri_drosophila_R1,3,8,0.003887087311318637,0.014704054490744828,0.05882270505504872,1.0
hri_drosophila_R1,3,16,-0.034795455377038334,0.014704054490744828,0.05882270505504872,1.0
hri_drosophila_R1,4,0,-0.1323560347276793,-0.03381880399267146,-0.1323560347276793,1.0
hri_drosophila_R1,4,1,-0.06320178058439033,-0.03381880399267146,-0.1323560347276793,1.0
hri_drosophila_R1,4,2,-0.10576000016978386,-0.03381880399267146,-0.1323560347276793,1.0
hri_drosophila_R1,4,4,-0.009775580810280743,-0.03381880399267146,-0.1323560347276793,1.0
hri_drosophila_R1,4,8,-0.006890440576970866,-0.03381880399267146,-0.1323560347276793,1.0
hri_drosophila_R1,4,16,-0.06947425149433328,-0.03381880399267146,-0.1323560347276793,1.0
hri_drosophila_R1,5,0,-0.08354561028944889,-0.007169926213003048,-0.08354561028944889,1.0
hri_drosophila_R1,5,1,0.04850584251835955,-0.007169926213003048,-0.08354561028944889,1.0
hri_drosophila_R1,5,2,0.006991356845261744,-0.007169926213003048,-0.08354561028944889,1.0
hri_drosophila_R1,5,4,-0.06673091767012448,-0.007169926213003048,-0.08354561028944889,1.0
hri_drosophila_R1,5,8,0.027260953272175873,-0.007169926213003048,-0.08354561028944889,1.0
hri_drosophila_R1,5,16,0.024603677235925082,-0.007169926213003048,-0.08354561028944889,1.0
hri_paper_R0.001,0,0,-0.9997648147342331,0.017654517390526737,-0.9997648147342331,0.001
hri_paper_R0.001,0,1,-0.999774313712728,0.017654517390526737,-0.9997648147342331,0.001
hri_paper_R0.001,0,2,-0.9997988764211502,0.017654517390526737,-0.9997648147342331,0.001
hri_paper_R0.001,0,4,-0.9997343883316482,0.017654517390526737,-0.9997648147342331,0.001
hri_paper_R0.001,0,8,-0.9998419274966037,0.017654517390526737,-0.9997648147342331,0.001
hri_paper_R0.001,0,16,-0.999717195393295,0.017654517390526737,-0.9997648147342331,0.001
hri_paper_R0.001,1,0,-0.3034238624596154,-0.003101144742660597,-0.3034238624596154,0.001
hri_paper_R0.001,1,1,-0.3143231910521159,-0.003101144742660597,-0.3034238624596154,0.001
hri_paper_R0.001,1,2,-0.25618393518189775,-0.003101144742660597,-0.3034238624596154,0.001
hri_paper_R0.001,1,4,-0.3281072673976475,-0.003101144742660597,-0.3034238624596154,0.001
hri_paper_R0.001,1,8,-0.17546332995705136,-0.003101144742660597,-0.3034238624596154,0.001
hri_paper_R0.001,1,16,0.03727945448383647,-0.003101144742660597,-0.3034238624596154,0.001
hri_paper_R0.001,2,0,-0.99984921713432,-0.005899410647219791,-0.99984921713432,0.001
hri_paper_R0.001,2,1,-0.9998572401296298,-0.005899410647219791,-0.99984921713432,0.001
hri_paper_R0.001,2,2,-0.9998902599236154,-0.005899410647219791,-0.99984921713432,0.001
hri_paper_R0.001,2,4,-0.9998817690696635,-0.005899410647219791,-0.99984921713432,0.001
hri_paper_R0.001,2,8,-0.9998481299555692,-0.005899410647219791,-0.99984921713432,0.001
hri_paper_R0.001,2,16,-0.999808043869421,-0.005899410647219791,-0.99984921713432,0.001
hri_paper_R0.001,3,0,-0.9998999026119321,0.018695197504845478,-0.9998999026119321,0.001
hri_paper_R0.001,3,1,-0.9998931264094957,0.018695197504845478,-0.9998999026119321,0.001
hri_paper_R0.001,3,2,-0.9998756975371791,0.018695197504845478,-0.9998999026119321,0.001
hri_paper_R0.001,3,4,-0.9999063629273413,0.018695197504845478,-0.9998999026119321,0.001
hri_paper_R0.001,3,8,-0.999932466784034,0.018695197504845478,-0.9998999026119321,0.001
hri_paper_R0.001,3,16,-0.9997977693878783,0.018695197504845478,-0.9998999026119321,0.001
hri_paper_R0.001,4,0,-0.08657106530054395,0.00261435824847375,-0.08657106530054395,0.001
hri_paper_R0.001,4,1,-0.09294542127348086,0.00261435824847375,-0.08657106530054395,0.001
hri_paper_R0.001,4,2,-0.14808881628042056,0.00261435824847375,-0.08657106530054395,0.001
hri_paper_R0.001,4,4,-0.13109141391052517,0.00261435824847375,-0.08657106530054395,0.001
hri_paper_R0.001,4,8,0.20929070315329118,0.00261435824847375,-0.08657106530054395,0.001
hri_paper_R0.001,4,16,0.044009629433007166,0.00261435824847375,-0.08657106530054395,0.001
hri_paper_R0.001,5,0,-0.9997475732750447,-0.027895641011815304,-0.9997475732750447,0.001
hri_paper_R0.001,5,1,-0.9997830789650466,-0.027895641011815304,-0.9997475732750447,0.001
hri_paper_R0.001,5,2,-0.9997279885915649,-0.027895641011815304,-0.9997475732750447,0.001
hri_paper_R0.001,5,4,-0.9997036303055977,-0.027895641011815304,-0.9997475732750447,0.001
hri_paper_R0.001,5,8,-0.9997962662306589,-0.027895641011815304,-0.9997475732750447,0.001
hri_paper_R0.001,5,16,-0.9997117511126323,-0.027895641011815304,-0.9997475732750447,0.001
hri_paper_R0.01,0,0,-0.41052643761073293,-0.013606799891302635,-0.41052643761073293,0.01
hri_paper_R0.01,0,1,-0.42521267835423954,-0.013606799891302635,-0.41052643761073293,0.01
hri_paper_R0.01,0,2,-0.4482345869102925,-0.013606799891302635,-0.41052643761073293,0.01
hri_paper_R0.01,0,4,-0.3847345894157164,-0.013606799891302635,-0.41052643761073293,0.01
hri_paper_R0.01,0,8,-0.4669124385718074,-0.013606799891302635,-0.41052643761073293,0.01
hri_paper_R0.01,0,16,-0.2510649783963463,-0.013606799891302635,-0.41052643761073293,0.01
hri_paper_R0.01,1,0,-0.30790990987228933,0.001077122665888712,-0.30790990987228933,0.01
hri_paper_R0.01,1,1,-0.36794039170685744,0.001077122665888712,-0.30790990987228933,0.01
hri_paper_R0.01,1,2,-0.3820987688013314,0.001077122665888712,-0.30790990987228933,0.01
hri_paper_R0.01,1,4,-0.4480485418589644,0.001077122665888712,-0.30790990987228933,0.01
hri_paper_R0.01,1,8,-0.3715449323222994,0.001077122665888712,-0.30790990987228933,0.01
hri_paper_R0.01,1,16,-0.3873319737018964,0.001077122665888712,-0.30790990987228933,0.01
hri_paper_R0.01,2,0,-0.12989020264138612,-0.028121459381005288,-0.12989020264138612,0.01
hri_paper_R0.01,2,1,-0.1878586497983132,-0.028121459381005288,-0.12989020264138612,0.01
hri_paper_R0.01,2,2,-0.1604331779880138,-0.028121459381005288,-0.12989020264138612,0.01
hri_paper_R0.01,2,4,0.04037446793037874,-0.028121459381005288,-0.12989020264138612,0.01
hri_paper_R0.01,2,8,-0.08608134121089438,-0.028121459381005288,-0.12989020264138612,0.01
hri_paper_R0.01,2,16,0.023400871931648734,-0.028121459381005288,-0.12989020264138612,0.01
hri_paper_R0.01,3,0,-0.12625551731368723,0.036611950453704765,-0.12625551731368723,0.01
hri_paper_R0.01,3,1,-0.10926077401333119,0.036611950453704765,-0.12625551731368723,0.01
hri_paper_R0.01,3,2,-0.10560229545885493,0.036611950453704765,-0.12625551731368723,0.01
hri_paper_R0.01,3,4,-0.02879618012275437,0.036611950453704765,-0.12625551731368723,0.01
hri_paper_R0.01,3,8,-0.10142350838314547,0.036611950453704765,-0.12625551731368723,0.01
hri_paper_R0.01,3,16,-0.1277271971361243,0.036611950453704765,-0.12625551731368723,0.01
hri_paper_R0.01,4,0,-0.9998521950675122,0.007225543769026105,-0.9998521950675122,0.01
hri_paper_R0.01,4,1,-0.9998893026834982,0.007225543769026105,-0.9998521950675122,0.01
hri_paper_R0.01,4,2,-0.9998395486268613,0.007225543769026105,-0.9998521950675122,0.01
hri_paper_R0.01,4,4,-0.9997854604797598,0.007225543769026105,-0.9998521950675122,0.01
hri_paper_R0.01,4,8,-0.9997561922354895,0.007225543769026105,-0.9998521950675122,0.01
hri_paper_R0.01,4,16,-0.9996930105934568,0.007225543769026105,-0.9998521950675122,0.01
hri_paper_R0.01,5,0,-0.018370240978253693,-0.04841900674232406,-0.018370240978253693,0.01
hri_paper_R0.01,5,1,-0.0948208814344257,-0.04841900674232406,-0.018370240978253693,0.01
hri_paper_R0.01,5,2,-0.004850895895587561,-0.04841900674232406,-0.018370240978253693,0.01
hri_paper_R0.01,5,4,-0.06924605481170618,-0.04841900674232406,-0.018370240978253693,0.01
hri_paper_R0.01,5,8,-0.1284557372598739,-0.04841900674232406,-0.018370240978253693,0.01
hri_paper_R0.01,5,16,-0.046230170188801475,-0.04841900674232406,-0.018370240978253693,0.01
hri_paper_R0.1,0,0,-0.23313494743969104,-0.008678935022747244,-0.23313494743969104,0.1
hri_paper_R0.1,0,1,-0.23161309301221347,-0.008678935022747244,-0.23313494743969104,0.1
hri_paper_R0.1,0,2,-0.2199211630158002,-0.008678935022747244,-0.23313494743969104,0.1
hri_paper_R0.1,0,4,-0.07698386580193718,-0.008678935022747244,-0.23313494743969104,0.1
hri_paper_R0.1,0,8,-0.2543461572468722,-0.008678935022747244,-0.23313494743969104,0.1
hri_paper_R0.1,0,16,-0.09715604288639322,-0.008678935022747244,-0.23313494743969104,0.1
hri_paper_R0.1,1,0,-0.1646477551787525,0.0027150724513485976,-0.1646477551787525,0.1
hri_paper_R0.1,1,1,-0.17419539218512886,0.0027150724513485976,-0.1646477551787525,0.1
hri_paper_R0.1,1,2,-0.19074048029496538,0.0027150724513485976,-0.1646477551787525,0.1
hri_paper_R0.1,1,4,-0.22218407912727098,0.0027150724513485976,-0.1646477551787525,0.1
hri_paper_R0.1,1,8,-0.12505728985169542,0.0027150724513485976,-0.1646477551787525,0.1
hri_paper_R0.1,1,16,-0.19923470625485598,0.0027150724513485976,-0.1646477551787525,0.1
hri_paper_R0.1,2,0,-0.19238938919923962,-0.03793058270097398,-0.19238938919923962,0.1
hri_paper_R0.1,2,1,-0.21058266802154502,-0.03793058270097398,-0.19238938919923962,0.1
hri_paper_R0.1,2,2,-0.18294181620423466,-0.03793058270097398,-0.19238938919923962,0.1
hri_paper_R0.1,2,4,-0.19302272463173942,-0.03793058270097398,-0.19238938919923962,0.1
hri_paper_R0.1,2,8,-0.34718013006822124,-0.03793058270097398,-0.19238938919923962,0.1
hri_paper_R0.1,2,16,-0.027714558608987017,-0.03793058270097398,-0.19238938919923962,0.1
hri_paper_R0.1,3,0,-0.070597472584334,0.00612380775312712,-0.070597472584334,0.1
hri_paper_R0.1,3,1,-0.09262007452777617,0.00612380775312712,-0.070597472584334,0.1
hri_paper_R0.1,3,2,-0.061961369595886294,0.00612380775312712,-0.070597472584334,0.1
hri_paper_R0.1,3,4,-0.0910645065675454,0.00612380775312712,-0.070597472584334,0.1
hri_paper_R0.1,3,8,-0.1364010313790952,0.00612380775312712,-0.070597472584334,0.1
hri_paper_R0.1,3,16,-0.06866952251665819,0.00612380775312712,-0.070597472584334,0.1
hri_paper_R0.1,4,0,-0.00735218131731599,-0.019681581321283715,-0.00735218131731599,0.1
hri_paper_R0.1,4,1,-0.03664915909048984,-0.019681581321283715,-0.00735218131731599,0.1
hri_paper_R0.1,4,2,-0.10147066596442904,-0.019681581321283715,-0.00735218131731599,0.1
hri_paper_R0.1,4,4,-0.07449320087190749,-0.019681581321283715,-0.00735218131731599,0.1
hri_paper_R0.1,4,8,-0.0970201788905949,-0.019681581321283715,-0.00735218131731599,0.1
hri_paper_R0.1,4,16,0.03503292030153563,-0.019681581321283715,-0.00735218131731599,0.1
hri_paper_R0.1,5,0,-0.09152209447853366,0.027825561652788357,-0.09152209447853366,0.1
hri_paper_R0.1,5,1,-0.1182145770036446,0.027825561652788357,-0.09152209447853366,0.1
hri_paper_R0.1,5,2,-0.12444441253842761,0.027825561652788357,-0.09152209447853366,0.1
hri_paper_R0.1,5,4,-0.13158183075286872,0.027825561652788357,-0.09152209447853366,0.1
hri_paper_R0.1,5,8,-0.09997036128362527,0.027825561652788357,-0.09152209447853366,0.1
hri_paper_R0.1,5,16,-0.11629200942772588,0.027825561652788357,-0.09152209447853366,0.1
hri_paper_R10,0,0,0.014923417020310152,0.0036125965771450852,0.014923417020310152,10.0
hri_paper_R10,0,1,-0.0009428122773636594,0.0036125965771450852,0.014923417020310152,10.0
hri_paper_R10,0,2,-0.06269796924589992,0.0036125965771450852,0.014923417020310152,10.0
hri_paper_R10,0,4,-0.015504683154684179,0.0036125965771450852,0.014923417020310152,10.0
hri_paper_R10,0,8,0.05756998952343933,0.0036125965771450852,0.014923417020310152,10.0
hri_paper_R10,0,16,-0.03902957112287758,0.0036125965771450852,0.014923417020310152,10.0
hri_paper_R10,1,0,-0.03910084363821469,-0.007733858239171594,-0.03910084363821469,10.0
hri_paper_R10,1,1,-0.05691237073511995,-0.007733858239171594,-0.03910084363821469,10.0
hri_paper_R10,1,2,0.051769612411994625,-0.007733858239171594,-0.03910084363821469,10.0
hri_paper_R10,1,4,-0.009001695847485315,-0.007733858239171594,-0.03910084363821469,10.0
hri_paper_R10,1,8,0.09571075789147197,-0.007733858239171594,-0.03910084363821469,10.0
hri_paper_R10,1,16,0.10583787691402355,-0.007733858239171594,-0.03910084363821469,10.0
hri_paper_R10,2,0,-0.04853469349055773,-0.021568714749593525,-0.04853469349055773,10.0
hri_paper_R10,2,1,-0.03258401759533145,-0.021568714749593525,-0.04853469349055773,10.0
hri_paper_R10,2,2,0.055234119508588954,-0.021568714749593525,-0.04853469349055773,10.0
hri_paper_R10,2,4,-0.026109375013559512,-0.021568714749593525,-0.04853469349055773,10.0
hri_paper_R10,2,8,-0.02444487662804638,-0.021568714749593525,-0.04853469349055773,10.0
hri_paper_R10,2,16,-0.024649651679619206,-0.021568714749593525,-0.04853469349055773,10.0
hri_paper_R10,3,0,-0.06448181193131601,-0.005038481357802372,-0.06448181193131601,10.0
hri_paper_R10,3,1,-0.12292198902485589,-0.005038481357802372,-0.06448181193131601,10.0
hri_paper_R10,3,2,-0.006860034097282688,-0.005038481357802372,-0.06448181193131601,10.0
hri_paper_R10,3,4,-0.09311292733278412,-0.005038481357802372,-0.06448181193131601,10.0
hri_paper_R10,3,8,-0.053342805357831605,-0.005038481357802372,-0.06448181193131601,10.0
hri_paper_R10,3,16,-0.0011115113243710343,-0.005038481357802372,-0.06448181193131601,10.0
hri_paper_R10,4,0,-0.027094532444335583,0.008233045673933894,-0.027094532444335583,10.0
hri_paper_R10,4,1,0.0005067014006202603,0.008233045673933894,-0.027094532444335583,10.0
hri_paper_R10,4,2,0.02078192095841594,0.008233045673933894,-0.027094532444335583,10.0
hri_paper_R10,4,4,-0.00768750877615786,0.008233045673933894,-0.027094532444335583,10.0
hri_paper_R10,4,8,-0.06695501383037071,0.008233045673933894,-0.027094532444335583,10.0
hri_paper_R10,4,16,0.03365465073875307,0.008233045673933894,-0.027094532444335583,10.0
hri_paper_R10,5,0,0.012154020115369141,0.0006822228297735322,0.012154020115369141,10.0
hri_paper_R10,5,1,-0.025266916793252176,0.0006822228297735322,0.012154020115369141,10.0
hri_paper_R10,5,2,-0.006159094523489656,0.0006822228297735322,0.012154020115369141,10.0
hri_paper_R10,5,4,-0.034328924845114725,0.0006822228297735322,0.012154020115369141,10.0
hri_paper_R10,5,8,-0.028678671200666556,0.0006822228297735322,0.012154020115369141,10.0
hri_paper_R10,5,16,-0.0005963420504091108,0.0006822228297735322,0.012154020115369141,10.0
hri_paper_R1,0,0,0.03588175643487366,0.008046957909656132,0.03588175643487366,1.0
hri_paper_R1,0,1,-0.0008357860714530208,0.008046957909656132,0.03588175643487366,1.0
hri_paper_R1,0,2,0.1029130551782458,0.008046957909656132,0.03588175643487366,1.0
hri_paper_R1,0,4,-0.11284281041648195,0.008046957909656132,0.03588175643487366,1.0
hri_paper_R1,0,8,-0.025132231682406764,0.008046957909656132,0.03588175643487366,1.0
hri_paper_R1,0,16,-0.03669665726530421,0.008046957909656132,0.03588175643487366,1.0
hri_paper_R1,1,0,0.019932738750927163,-0.0012233300900079402,0.019932738750927163,1.0
hri_paper_R1,1,1,-0.005263688918358812,-0.0012233300900079402,0.019932738750927163,1.0
hri_paper_R1,1,2,-0.000415342589789473,-0.0012233300900079402,0.019932738750927163,1.0
hri_paper_R1,1,4,0.07482008747915919,-0.0012233300900079402,0.019932738750927163,1.0
hri_paper_R1,1,8,0.05403805514627243,-0.0012233300900079402,0.019932738750927163,1.0
hri_paper_R1,1,16,0.19581718450838395,-0.0012233300900079402,0.019932738750927163,1.0
hri_paper_R1,2,0,-0.03456345476849184,0.0040802440287179996,-0.03456345476849184,1.0
hri_paper_R1,2,1,-0.06276007742326851,0.0040802440287179996,-0.03456345476849184,1.0
hri_paper_R1,2,2,-0.10189650947735568,0.0040802440287179996,-0.03456345476849184,1.0
hri_paper_R1,2,4,-0.11201965174117409,0.0040802440287179996,-0.03456345476849184,1.0
hri_paper_R1,2,8,0.025446270790416267,0.0040802440287179996,-0.03456345476849184,1.0
hri_paper_R1,2,16,-0.01368003792385313,0.0040802440287179996,-0.03456345476849184,1.0
hri_paper_R1,3,0,-0.11807318309595612,0.005135519462580819,-0.11807318309595612,1.0
hri_paper_R1,3,1,-0.1578235170434026,0.005135519462580819,-0.11807318309595612,1.0
hri_paper_R1,3,2,-0.052161981967562436,0.005135519462580819,-0.11807318309595612,1.0
hri_paper_R1,3,4,-0.13018239094993939,0.005135519462580819,-0.11807318309595612,1.0
hri_paper_R1,3,8,0.04434286678763538,0.005135519462580819,-0.11807318309595612,1.0
hri_paper_R1,3,16,0.09529699381285753,0.005135519462580819,-0.11807318309595612,1.0
hri_paper_R1,4,0,-0.019193697531124515,-0.001403395331712711,-0.019193697531124515,1.0
hri_paper_R1,4,1,-0.12754859965176193,-0.001403395331712711,-0.019193697531124515,1.0
hri_paper_R1,4,2,0.07138897641511244,-0.001403395331712711,-0.019193697531124515,1.0
hri_paper_R1,4,4,-0.0695361993381865,-0.001403395331712711,-0.019193697531124515,1.0
hri_paper_R1,4,8,-0.028081510783567302,-0.001403395331712711,-0.019193697531124515,1.0
hri_paper_R1,4,16,-0.031261878982514625,-0.001403395331712711,-0.019193697531124515,1.0
hri_paper_R1,5,0,-0.057619912187935614,-0.029337468127738936,-0.057619912187935614,1.0
hri_paper_R1,5,1,-0.09706677133391087,-0.029337468127738936,-0.057619912187935614,1.0
hri_paper_R1,5,2,-0.007235907103228165,-0.029337468127738936,-0.057619912187935614,1.0
hri_paper_R1,5,4,-0.08130562139736004,-0.029337468127738936,-0.057619912187935614,1.0
hri_paper_R1,5,8,-0.009429797728474552,-0.029337468127738936,-0.057619912187935614,1.0
hri_paper_R1,5,16,-0.16902951192912993,-0.029337468127738936,-0.057619912187935614,1.0
lh_sexlimited,0,0,-0.08193217789589034,0.018737201091825483,-0.08193217789589034,1.0
lh_sexlimited,0,1,-0.08157544099075725,0.018737201091825483,-0.08193217789589034,1.0
lh_sexlimited,0,2,-0.061577799473622415,0.018737201091825483,-0.08193217789589034,1.0
lh_sexlimited,0,4,-0.034103413002506536,0.018737201091825483,-0.08193217789589034,1.0
lh_sexlimited,0,8,-0.04817772995183057,0.018737201091825483,-0.08193217789589034,1.0
lh_sexlimited,0,16,-0.1543371942558821,0.018737201091825483,-0.08193217789589034,1.0
lh_sexlimited,1,0,-0.04262460576892432,0.013318377823730378,-0.04262460576892432,1.0
lh_sexlimited,1,1,-0.03279214078449788,0.013318377823730378,-0.04262460576892432,1.0
lh_sexlimited,1,2,-0.02888919715911262,0.013318377823730378,-0.04262460576892432,1.0
lh_sexlimited,1,4,0.006626174140959066,0.013318377823730378,-0.04262460576892432,1.0
lh_sexlimited,1,8,0.005756485161529795,0.013318377823730378,-0.04262460576892432,1.0
lh_sexlimited,1,16,0.017046480786836564,0.013318377823730378,-0.04262460576892432,1.0
lh_sexlimited,2,0,0.003171984683890389,0.026780523583282236,0.003171984683890389,1.0
lh_sexlimited,2,1,0.02064498756972687,0.026780523583282236,0.003171984683890389,1.0
lh_sexlimited,2,2,0.06732036197827591,0.026780523583282236,0.003171984683890389,1.0
lh_sexlimited,2,4,0.12225322281789407,0.026780523583282236,0.003171984683890389,1.0
lh_sexlimited,2,8,0.02899289922824283,0.026780523583282236,0.003171984683890389,1.0
lh_sexlimited,2,16,-0.08167064666407493,0.026780523583282236,0.003171984683890389,1.0
lh_sexlimited,3,0,-0.11229921654618442,0.00555694094964908,-0.11229921654618442,1.0
lh_sexlimited,3,1,-0.08903866598185665,0.00555694094964908,-0.11229921654618442,1.0
lh_sexlimited,3,2,-0.04042205647290795,0.00555694094964908,-0.11229921654618442,1.0
lh_sexlimited,3,4,-0.013384921582567964,0.00555694094964908,-0.11229921654618442,1.0
lh_sexlimited,3,8,-0.10930909732406825,0.00555694094964908,-0.11229921654618442,1.0
lh_sexlimited,3,16,0.02224253340815087,0.00555694094964908,-0.11229921654618442,1.0
lh_sexlimited,4,0,-0.18855247567950986,-0.03731972941179883,-0.18855247567950986,1.0
lh_sexlimited,4,1,-0.22411643725675406,-0.03731972941179883,-0.18855247567950986,1.0
lh_sexlimited,4,2,0.007795143261969123,-0.03731972941179883,-0.18855247567950986,1.0
lh_sexlimited,4,4,-0.057836175395434335,-0.03731972941179883,-0.18855247567950986,1.0
lh_sexlimited,4,8,-0.027657836431202974,-0.03731972941179883,-0.18855247567950986,1.0
lh_sexlimited,4,16,-0.14310007744647193,-0.03731972941179883,-0.18855247567950986,1.0
lh_sexlimited,5,0,-0.02910548378122867,0.0018466935228278428,-0.02910548378122867,1.0
lh_sexlimited,5,1,-0.06615926246126008,0.0018466935228278428,-0.02910548378122867,1.0
lh_sexlimited,5,2,-0.05402190766095082,0.0018466935228278428,-0.02910548378122867,1.0
lh_sexlimited,5,4,-0.022946634000919668,0.0018466935228278428,-0.02910548378122867,1.0
lh_sexlimited,5,8,-0.06996219540087871,0.0018466935228278428,-0.02910548378122867,1.0
lh_sexlimited,5,16,-0.14502809270597325,0.0018466935228278428,-0.02910548378122867,1.0
lh_shared,0,0,-0.17111214736957547,0.07314297510847881,-0.17111214736957547,1.0
lh_shared,0,1,-0.15655891450010218,0.07314297510847881,-0.17111214736957547,1.0
lh_shared,0,2,-0.09787432236941393,0.07314297510847881,-0.17111214736957547,1.0
lh_shared,0,4,-0.10410405423546684,0.07314297510847881,-0.17111214736957547,1.0
lh_shared,0,8,0.03555886776003838,0.07314297510847881,-0.17111214736957547,1.0
lh_shared,0,16,0.11789474342280822,0.07314297510847881,-0.17111214736957547,1.0
lh_shared,1,0,0.1659673763521418,0.2726597560893136,0.1659673763521418,1.0
lh_shared,1,1,0.20053426738275973,0.2726597560893136,0.1659673763521418,1.0
lh_shared,1,2,0.1955794946499989,0.2726597560893136,0.1659673763521418,1.0
lh_shared,1,4,0.37438385577073924,0.2726597560893136,0.1659673763521418,1.0
lh_shared,1,8,0.36055531249770295,0.2726597560893136,0.1659673763521418,1.0
lh_shared,1,16,0.1720501902800127,0.2726597560893136,0.1659673763521418,1.0
lh_shared,2,0,0.17100571204653137,0.18682690112919326,0.17100571204653137,1.0
lh_shared,2,1,0.2140743479304973,0.18682690112919326,0.17100571204653137,1.0
lh_shared,2,2,0.31184414176145464,0.18682690112919326,0.17100571204653137,1.0
lh_shared,2,4,0.07629531607613327,0.18682690112919326,0.17100571204653137,1.0
lh_shared,2,8,0.22237695273261615,0.18682690112919326,0.17100571204653137,1.0
lh_shared,2,16,0.2077864441315651,0.18682690112919326,0.17100571204653137,1.0
lh_shared,3,0,0.11007019061616975,0.23860185445809784,0.11007019061616975,1.0
lh_shared,3,1,0.05706563366182868,0.23860185445809784,0.11007019061616975,1.0
lh_shared,3,2,0.205383969361913,0.23860185445809784,0.11007019061616975,1.0
lh_shared,3,4,0.20999024637566416,0.23860185445809784,0.11007019061616975,1.0
lh_shared,3,8,0.19322639046107082,0.23860185445809784,0.11007019061616975,1.0
lh_shared,3,16,0.19526075623477276,0.23860185445809784,0.11007019061616975,1.0
lh_shared,4,0,0.31038412682819444,0.3571320774938124,0.31038412682819444,1.0
lh_shared,4,1,0.2427456762983089,0.3571320774938124,0.31038412682819444,1.0
lh_shared,4,2,0.3593869821780928,0.3571320774938124,0.31038412682819444,1.0
lh_shared,4,4,0.2673019305700481,0.3571320774938124,0.31038412682819444,1.0
lh_shared,4,8,0.38539095064597045,0.3571320774938124,0.31038412682819444,1.0
lh_shared,4,16,0.5420993218040133,0.3571320774938124,0.31038412682819444,1.0
lh_shared,5,0,0.3294138521579877,0.2976627622779343,0.3294138521579877,1.0
lh_shared,5,1,0.29572439312784066,0.2976627622779343,0.3294138521579877,1.0
lh_shared,5,2,0.3432883879416891,0.2976627622779343,0.3294138521579877,1.0
lh_shared,5,4,0.2825149323428777,0.2976627622779343,0.3294138521579877,1.0
lh_shared,5,8,0.1348293476362151,0.2976627622779343,0.3294138521579877,1.0
lh_shared,5,16,0.24069270883478966,0.2976627622779343,0.3294138521579877,1.0
lh_trueSA,0,0,-0.9999644046708355,-0.7431801216734067,-0.9999644046708355,1.0
lh_trueSA,0,1,-0.9999394362759823,-0.7431801216734067,-0.9999644046708355,1.0
lh_trueSA,0,2,-0.9999098912501971,-0.7431801216734067,-0.9999644046708355,1.0
lh_trueSA,0,4,-0.9998119607088951,-0.7431801216734067,-0.9999644046708355,1.0
lh_trueSA,0,8,-0.9995928074681606,-0.7431801216734067,-0.9999644046708355,1.0
lh_trueSA,0,16,-0.9990898705502393,-0.7431801216734067,-0.9999644046708355,1.0
lh_trueSA,1,0,-0.9999929579716402,-0.7520679935660983,-0.9999929579716402,1.0
lh_trueSA,1,1,-0.9999082716388946,-0.7520679935660983,-0.9999929579716402,1.0
lh_trueSA,1,2,-0.9998270247890719,-0.7520679935660983,-0.9999929579716402,1.0
lh_trueSA,1,4,-0.999681460840086,-0.7520679935660983,-0.9999929579716402,1.0
lh_trueSA,1,8,-0.9992886021038057,-0.7520679935660983,-0.9999929579716402,1.0
lh_trueSA,1,16,-0.99914318558118,-0.7520679935660983,-0.9999929579716402,1.0
lh_trueSA,2,0,-0.9999887941472958,-0.7532629253299493,-0.9999887941472958,1.0
lh_trueSA,2,1,-0.9999685471439245,-0.7532629253299493,-0.9999887941472958,1.0
lh_trueSA,2,2,-0.9999350332612208,-0.7532629253299493,-0.9999887941472958,1.0
lh_trueSA,2,4,-0.999876458094728,-0.7532629253299493,-0.9999887941472958,1.0
lh_trueSA,2,8,-0.9996956605161106,-0.7532629253299493,-0.9999887941472958,1.0
lh_trueSA,2,16,-0.9992586737239844,-0.7532629253299493,-0.9999887941472958,1.0
lh_trueSA,3,0,-0.9997494079417367,-0.741204860586532,-0.9997494079417367,1.0
lh_trueSA,3,1,-0.999657266568085,-0.741204860586532,-0.9997494079417367,1.0
lh_trueSA,3,2,-0.9996240090004325,-0.741204860586532,-0.9997494079417367,1.0
lh_trueSA,3,4,-0.9995057008516448,-0.741204860586532,-0.9997494079417367,1.0
lh_trueSA,3,8,-0.9987723203528694,-0.741204860586532,-0.9997494079417367,1.0
lh_trueSA,3,16,-0.9975785481788486,-0.741204860586532,-0.9997494079417367,1.0
lh_trueSA,4,0,-0.9999944318983373,-0.7703188489032347,-0.9999944318983373,1.0
lh_trueSA,4,1,-0.9999271616506333,-0.7703188489032347,-0.9999944318983373,1.0
lh_trueSA,4,2,-0.9998543349141293,-0.7703188489032347,-0.9999944318983373,1.0
lh_trueSA,4,4,-0.9996865472443257,-0.7703188489032347,-0.9999944318983373,1.0
lh_trueSA,4,8,-0.9992977737193006,-0.7703188489032347,-0.9999944318983373,1.0
lh_trueSA,4,16,-0.9984339958949275,-0.7703188489032347,-0.9999944318983373,1.0
lh_trueSA,5,0,-0.999313688760868,-0.7304301472776545,-0.999313688760868,1.0
lh_trueSA,5,1,-0.9991908619185124,-0.7304301472776545,-0.999313688760868,1.0
lh_trueSA,5,2,-0.9986118275142769,-0.7304301472776545,-0.999313688760868,1.0
lh_trueSA,5,4,-0.9984937048053707,-0.7304301472776545,-0.999313688760868,1.0
lh_trueSA,5,8,-0.9969861666140867,-0.7304301472776545,-0.999313688760868,1.0
lh_trueSA,5,16,-0.9973563064707149,-0.7304301472776545,-0.999313688760868,1.0
