bin_lo,bin_hi,mid,n_pairs,mean_D,se_D,mean_contrib,label,map_length_M,mu_bp,male_recombination,rep
0.0,0.001,0.0002863422556545062,200000,-0.0022306533064693213,0.00029078378843928307,-4.120556321059979e-05,maplen/paper,0.001,7e-07,True,0
0.0,0.001,0.00029450431964182745,200000,1.0495318747416604e-06,6.558893905057532e-06,-2.228650465586169e-08,maplen/paper,0.001,7e-07,True,1
0.0,0.001,0.0002926972967495808,200000,-0.002206227043643594,0.00030663141797731956,-4.344079168028656e-05,maplen/paper,0.001,7e-07,True,2
0.0,0.001,0.0004886947334923774,38003,-3.008971361850854e-05,2.7212001339353964e-05,-1.3701601413259071e-08,maplen/paper,0.01,7e-07,True,0
0.001,0.003,0.0019331749919702123,63525,1.5285455674529658e-06,1.5662620229004373e-05,-1.8336559737673267e-08,maplen/paper,0.01,7e-07,True,0
0.003,0.01,0.005093090743720088,98472,4.102914317627437e-06,6.2224657812380565e-06,-1.4987104171890342e-09,maplen/paper,0.01,7e-07,True,0
0.0,0.001,0.000483625456136641,37960,-3.299633590359008e-06,3.395329768352567e-05,-1.262593457112155e-07,maplen/paper,0.01,7e-07,True,1
0.001,0.003,0.0019391977687958956,63080,-2.083432991639711e-05,2.2053170259986804e-05,3.950083310474227e-08,maplen/paper,0.01,7e-07,True,1
0.003,0.01,0.005093676578506377,98960,-5.20424373462447e-06,8.463762706883705e-06,2.0408543542264344e-09,maplen/paper,0.01,7e-07,True,1
0.0,0.001,0.00048262616801799106,37741,-1.0538969945628196e-05,1.822354953724716e-05,4.0037572890191056e-08,maplen/paper,0.01,7e-07,True,2
0.001,0.003,0.0019319547069626632,63887,-1.2732986760966014e-05,1.2446997904376835e-05,3.813552764665973e-08,maplen/paper,0.01,7e-07,True,2
0.003,0.01,0.00507713905496053,98372,-7.122220722521888e-06,6.21673369310167e-06,-1.442279374597464e-08,maplen/paper,0.01,7e-07,True,2
0.0,0.001,0.0005017817300959959,4049,6.544474308611825e-05,7.865064444985333e-05,1.846012991820439e-07,maplen/paper,0.1,7e-07,True,0
0.001,0.003,0.0020043151232426726,7794,6.366982688632561e-06,4.687778729684279e-05,-6.949099778067845e-10,maplen/paper,0.1,7e-07,True,0
0.003,0.01,0.006410241512359938,25944,-2.1804771677125245e-05,2.1677468856270854e-05,-3.0229438270658016e-08,maplen/paper,0.1,7e-07,True,0
0.01,0.03,0.01930656518161098,63007,1.7334980384475784e-06,8.333923542163612e-06,-2.272446226227708e-09,maplen/paper,0.1,7e-07,True,0
0.03,0.1,0.05120776820989145,99206,-2.879333180771937e-07,3.72808162327275e-06,-8.230135919734519e-10,maplen/paper,0.1,7e-07,True,0
0.0,0.001,0.0005079751610783723,3954,3.6179160815663636e-05,8.996784735854367e-05,1.5820089226184148e-07,maplen/paper,0.1,7e-07,True,1
0.001,0.003,0.0020193133571686393,7974,3.3033140880434075e-06,5.400327752252748e-05,-5.592672336817027e-08,maplen/paper,0.1,7e-07,True,1
0.003,0.01,0.0064222348330526535,26147,-1.3620274330605753e-05,2.4934018762512935e-05,2.9672675058058103e-08,maplen/paper,0.1,7e-07,True,1
0.01,0.03,0.01940926675567711,63660,-3.6906112654833123e-06,7.7850731503985e-06,-5.593242830540257e-09,maplen/paper,0.1,7e-07,True,1
0.03,0.1,0.05074253606479543,98265,1.327331460743153e-06,3.86787478918344e-06,5.890183261849105e-09,maplen/paper,0.1,7e-07,True,1
0.0,0.001,0.0004979688116489855,3907,-8.921734115574509e-05,5.0397177550779606e-05,-1.2687489695324688e-08,maplen/paper,0.1,7e-07,True,2
0.001,0.003,0.001999800357940851,7898,-2.0645429685828276e-06,3.4555709731458774e-05,5.696337900048885e-09,maplen/paper,0.1,7e-07,True,2
0.003,0.01,0.006435334648310776,26090,2.5409277441212907e-05,1.6107366966587065e-05,-3.5721497103396474e-08,maplen/paper,0.1,7e-07,True,2
0.01,0.03,0.019383089495085017,63677,9.044372745847795e-06,5.832578628670095e-06,-1.2861290073064212e-08,maplen/paper,0.1,7e-07,True,2
0.03,0.1,0.05095571582619873,98428,5.377735874390055e-07,2.897475803351666e-06,-4.11539016951388e-09,maplen/paper,0.1,7e-07,True,2
0.0,0.001,0.0004801359123294824,380,-0.0005115355597808957,0.0002654356157563109,-7.846748196304628e-09,maplen/paper,1.0,7e-07,True,0
0.001,0.003,0.002014977532227513,812,-0.0002656906144693494,0.00019850593042526987,-1.903069181331573e-08,maplen/paper,1.0,7e-07,True,0
0.003,0.01,0.006480093031237533,2749,-9.25669155549258e-05,0.00011070624507942093,-5.180324131155122e-08,maplen/paper,1.0,7e-07,True,0
0.01,0.03,0.019801020626980803,7926,1.6359432265744545e-05,3.171110675460781e-05,-1.370176012440842e-08,maplen/paper,1.0,7e-07,True,0
0.03,0.1,0.06427092833181575,26158,4.2413939809193835e-06,1.0111098757805919e-05,7.079845115585023e-10,maplen/paper,1.0,7e-07,True,0
0.1,0.3,0.193074792854097,64491,6.942063464521198e-06,4.139409863758448e-06,6.721890554087667e-09,maplen/paper,1.0,7e-07,True,0
0.3,1.0,0.5032593288793508,97484,1.997123490582453e-06,2.6973450463764123e-06,-3.1734312342580865e-09,maplen/paper,1.0,7e-07,True,0
0.0,0.001,0.0004958835093350489,411,-0.0007648104801774025,0.000621461450243635,4.682536159206891e-08,maplen/paper,1.0,7e-07,True,1
0.001,0.003,0.002068751870391239,842,-0.00043294703937135637,0.0002977187145813484,1.1405999405194512e-07,maplen/paper,1.0,7e-07,True,1
0.003,0.01,0.0064605763652101356,2706,-0.00017603716696612537,8.505611485279627e-05,-8.393842253015706e-08,maplen/paper,1.0,7e-07,True,1
0.01,0.03,0.019942675129286047,7806,4.352297037257813e-05,2.910022723122191e-05,-3.2373087534687205e-08,maplen/paper,1.0,7e-07,True,1
0.03,0.1,0.06462177991321455,26256,8.038857686187839e-07,8.64732162998017e-06,-8.720023311671732e-09,maplen/paper,1.0,7e-07,True,1
0.1,0.3,0.19362779590267787,64767,3.4007719023065874e-06,3.36268467375148e-06,6.538114015203468e-09,maplen/paper,1.0,7e-07,True,1
0.3,1.0,0.5037413535188149,97212,-6.7194014263805e-06,2.340274625354607e-06,3.8761566731834015e-09,maplen/paper,1.0,7e-07,True,1
0.0,0.001,0.0005032652058951648,393,0.0005004009581170976,0.00034181363482967196,2.690148982654749e-07,maplen/paper,1.0,7e-07,True,2
0.001,0.003,0.0019961022232958814,864,0.0003372198261786252,0.0004019353047606501,1.0864190656898985e-07,maplen/paper,1.0,7e-07,True,2
0.003,0.01,0.0065412399672089006,2708,6.248743738979101e-05,8.506453816574902e-05,-1.6977013317004888e-08,maplen/paper,1.0,7e-07,True,2
0.01,0.03,0.019809311405467378,7721,5.108907134854235e-05,3.525540301569686e-05,-8.962943301417825e-09,maplen/paper,1.0,7e-07,True,2
0.03,0.1,0.06419326340167952,26315,3.52413462678669e-06,1.0570570720633412e-05,8.38226282143254e-09,maplen/paper,1.0,7e-07,True,2
0.1,0.3,0.1946123156615941,64375,-9.684047654445749e-06,4.468030854080291e-06,-2.119492962253465e-09,maplen/paper,1.0,7e-07,True,2
0.3,1.0,0.5017766143910465,97624,4.497711927342607e-07,2.636073347657278e-06,2.443371753409433e-09,maplen/paper,1.0,7e-07,True,2
0.0,0.001,0.0004447071762503363,45,0.004187068436294794,0.0035708851348454675,-1.072479711444116e-07,maplen/paper,10.0,7e-07,True,0
0.001,0.003,0.0018979351679992984,97,0.0010913320584222674,0.0009410373670533828,9.527096000524233e-08,maplen/paper,10.0,7e-07,True,0
0.003,0.01,0.006783861754500187,269,0.0003376956738065928,0.00041504799633892395,-9.82737761446656e-09,maplen/paper,10.0,7e-07,True,0
0.01,0.03,0.019907201387838747,743,-0.00013736548135057092,0.00016218903071539976,-3.13960193651845e-09,maplen/paper,10.0,7e-07,True,0
0.03,0.1,0.06433292110908817,2738,-1.3983048120280728e-05,3.868367863366431e-05,2.1281951079321673e-08,maplen/paper,10.0,7e-07,True,0
0.1,0.3,0.19910301174219103,7932,-3.1742652936372906e-05,1.6951285663927982e-05,4.1055999283788787e-10,maplen/paper,10.0,7e-07,True,0
0.3,1.0,0.6416813500336493,26080,-6.22003608441446e-06,6.644020334861244e-06,1.2507768182065544e-08,maplen/paper,10.0,7e-07,True,0
1.0,10.0,3.6469892650207827,162096,2.283764843014069e-06,2.5512636144788353e-06,2.2622594925959298e-09,maplen/paper,10.0,7e-07,True,0
0.0,0.001,0.0004932770053867053,52,-0.00015667991829104722,0.0012278456598336582,1.5714334214906228e-07,maplen/paper,10.0,7e-07,True,1
0.001,0.003,0.0020941987802347573,73,-0.0009127890225499868,0.0006823233640109407,-2.1448403977517542e-07,maplen/paper,10.0,7e-07,True,1
0.003,0.01,0.006596228312436558,255,-2.672754089871887e-05,0.0004634898712824045,-6.071223521486914e-08,maplen/paper,10.0,7e-07,True,1
0.01,0.03,0.020256698179728083,817,-0.0002512432401999831,0.00014755858299099917,-2.00862061697493e-08,maplen/paper,10.0,7e-07,True,1
0.03,0.1,0.06515306448879321,2706,4.0167171391658485e-05,4.322791591878766e-05,-4.76197363881915e-08,maplen/paper,10.0,7e-07,True,1
0.1,0.3,0.19876241440397124,7794,-3.3943231869670853e-07,1.6910343742048984e-05,-1.253054177618932e-08,maplen/paper,10.0,7e-07,True,1
0.3,1.0,0.642744513463317,26071,2.2001220258971443e-06,6.65878010754083e-06,1.2033543556359282e-09,maplen/paper,10.0,7e-07,True,1
1.0,10.0,3.6363441059334773,162232,5.335876380740956e-07,2.5362081817872404e-06,3.888596931554537e-09,maplen/paper,10.0,7e-07,True,1
0.0,0.001,0.0005302514915872525,40,0.0007900319760665298,0.0012053578773410533,-6.621600982858684e-08,maplen/paper,10.0,7e-07,True,2
0.001,0.003,0.0019864642845124347,92,0.0008788431878201663,0.0010167665532473192,-5.228250512531331e-08,maplen/paper,10.0,7e-07,True,2
0.003,0.01,0.006638947643047288,262,0.0003367614990565926,0.0004935515141241555,-1.701984899485279e-07,maplen/paper,10.0,7e-07,True,2
0.01,0.03,0.020446040370259988,771,7.897963223513216e-05,0.00011707549312416043,1.1449445781800784e-08,maplen/paper,10.0,7e-07,True,2
0.03,0.1,0.06525890888478658,2783,-1.0864032446988858e-05,3.451117031793066e-05,1.2214686849638033e-08,maplen/paper,10.0,7e-07,True,2
0.1,0.3,0.20119329979486567,7912,-8.658668775751721e-06,1.5959250154743854e-05,2.2653953035767178e-08,maplen/paper,10.0,7e-07,True,2
0.3,1.0,0.6408038436776575,25983,6.04542447035783e-06,7.134979425460141e-06,1.3805881975003398e-08,maplen/paper,10.0,7e-07,True,2
1.0,10.0,3.6453068535069266,162157,-5.010355835111113e-06,2.8041967070688284e-06,2.149198791038998e-09,maplen/paper,10.0,7e-07,True,2
0.0,0.001,0.0002967640884650793,200000,-6.31249008620216e-07,1.8344994957435854e-06,-6.853372449449049e-09,maplen/drosophila,0.001,7e-07,False,0
0.0,0.001,0.0002943392199728931,200000,-0.003320513293147087,0.00032327273013862387,-5.592402487248483e-05,maplen/drosophila,0.001,7e-07,False,1
0.0,0.001,0.0002944531387194337,200000,-0.0004497038898989558,0.00014472596051231027,-8.281467394786378e-06,maplen/drosophila,0.001,7e-07,False,2
0.0,0.001,0.000484691042313673,38106,-0.0015289464499801397,0.0005088671037812799,-2.178807962410766e-05,maplen/drosophila,0.01,7e-07,False,0
0.001,0.003,0.0019392802364074735,63585,-0.001790052861906588,0.00039548704145739354,-2.432836683143453e-05,maplen/drosophila,0.01,7e-07,False,0
0.003,0.01,0.0050912601593666,98309,-0.0016395068960264325,0.0003191737579478846,-2.1636246779015233e-05,maplen/drosophila,0.01,7e-07,False,0
0.0,0.001,0.0004899363882789165,37855,-1.8637815628608223e-06,8.451645622808481e-06,1.5225577802286907e-08,maplen/drosophila,0.01,7e-07,False,1
0.001,0.003,0.001934546446272621,63138,-2.853129672075738e-06,6.457201155846748e-06,1.0300601534968525e-08,maplen/drosophila,0.01,7e-07,False,1
0.003,0.01,0.005092229789568034,99007,-3.2763277886260767e-06,5.369467471427364e-06,1.9262034447492616e-08,maplen/drosophila,0.01,7e-07,False,1
0.0,0.001,0.00048419426705533734,38242,1.2447187145880889e-05,1.5748261062541213e-05,-3.14274846432295e-08,maplen/drosophila,0.01,7e-07,False,2
0.001,0.003,0.0019394495240361615,64564,-3.989075594290625e-06,1.0475093511098542e-05,-1.2989809089888557e-08,maplen/drosophila,0.01,7e-07,False,2
0.003,0.01,0.005033568525919536,97194,2.355698370593018e-06,6.624089750036019e-06,1.5568407499452193e-09,maplen/drosophila,0.01,7e-07,False,2
0.0,0.001,0.0005034595116132246,4037,-4.8241317927022465e-06,4.340893751764105e-05,6.848577461178288e-08,maplen/drosophila,0.1,7e-07,False,0
0.001,0.003,0.001988377777633266,7693,-2.510126432753168e-05,4.3784887656741554e-05,-2.039521692806764e-07,maplen/drosophila,0.1,7e-07,False,0
0.003,0.01,0.006457293169714063,26096,-3.3598753361729905e-05,1.9494164804634546e-05,3.1626006577465383e-08,maplen/drosophila,0.1,7e-07,False,0
0.01,0.03,0.019369696124247562,64252,1.2761618108925177e-06,7.6263684061846315e-06,-3.3842847076902027e-09,maplen/drosophila,0.1,7e-07,False,0
0.03,0.1,0.05028645750437268,97922,-3.2338650726160267e-06,4.6769136407231065e-06,-4.660237568737808e-09,maplen/drosophila,0.1,7e-07,False,0
0.0,0.001,0.0004904368982822094,4057,2.456252786942059e-06,7.522442994631737e-05,-4.77994625167258e-08,maplen/drosophila,0.1,7e-07,False,1
0.001,0.003,0.002002968577253572,7736,-2.560083430580562e-06,3.517654349475218e-05,-9.358884807457726e-09,maplen/drosophila,0.1,7e-07,False,1
0.003,0.01,0.0064494481027026936,26252,-1.4912304322933778e-05,2.3108893421199146e-05,-2.047928499484552e-08,maplen/drosophila,0.1,7e-07,False,1
0.01,0.03,0.019364192702573613,64011,7.83690938988002e-06,9.294535993942443e-06,-1.6263899799096385e-09,maplen/drosophila,0.1,7e-07,False,1
0.03,0.1,0.05068129227528226,97944,6.676849011455488e-07,5.033009895602326e-06,-9.59835162047581e-09,maplen/drosophila,0.1,7e-07,False,1
0.0,0.001,0.0005028351923670682,3902,8.53679230203852e-05,5.940971857374032e-05,5.564319233385692e-08,maplen/drosophila,0.1,7e-07,False,2
0.001,0.003,0.0019797231119477177,7821,-3.0774281185586005e-05,2.8616297909216442e-05,-4.0725916941516584e-08,maplen/drosophila,0.1,7e-07,False,2
0.003,0.01,0.006447669206283868,26367,2.638421574374661e-05,1.575557723554175e-05,-3.131465821571881e-09,maplen/drosophila,0.1,7e-07,False,2
0.01,0.03,0.019321221195164908,63095,-1.3455763109959662e-05,7.732135319083519e-06,-2.4883638697402595e-08,maplen/drosophila,0.1,7e-07,False,2
0.03,0.1,0.050873503307773654,98815,-7.773557626933325e-06,4.152288565339679e-06,-1.1970365029340051e-08,maplen/drosophila,0.1,7e-07,False,2
0.0,0.001,0.0005082514094706947,422,-2.8069749532733113e-05,0.00036790031041180493,1.3897114406414066e-08,maplen/drosophila,1.0,7e-07,False,0
0.001,0.003,0.0019843021913232284,826,6.509851664304733e-05,0.00039884361121778484,-6.661393738891819e-10,maplen/drosophila,1.0,7e-07,False,0
0.003,0.01,0.006432970902338575,2820,-2.4990800739033148e-05,0.00012743145669218963,-7.964354483361049e-08,maplen/drosophila,1.0,7e-07,False,0
0.01,0.03,0.019992736651153087,7988,2.839629132722621e-06,3.4805073425506706e-05,5.352028980037348e-08,maplen/drosophila,1.0,7e-07,False,0
0.03,0.1,0.0638698423677786,26169,-1.019770570565015e-05,1.3062476151616196e-05,-8.43551086584759e-09,maplen/drosophila,1.0,7e-07,False,0
0.1,0.3,0.19357838811859907,63682,6.739262062183116e-06,4.622615427037566e-06,-6.258818990546537e-09,maplen/drosophila,1.0,7e-07,False,0
0.3,1.0,0.5050121598627035,98093,-3.313868546683807e-06,2.9731663107848024e-06,1.1775025214571436e-09,maplen/drosophila,1.0,7e-07,False,0
0.0,0.001,0.0004956986400708185,425,-0.0002178033028030768,0.0001243319135930787,-4.193436148177854e-08,maplen/drosophila,1.0,7e-07,False,1
0.001,0.003,0.0019576985622733467,817,-0.0006255596526898444,0.00040187308999670184,-1.1266213513203648e-07,maplen/drosophila,1.0,7e-07,False,1
0.003,0.01,0.0065847635949915495,2814,-1.7219912479049526e-05,0.0001331509713261157,2.1523612020046775e-08,maplen/drosophila,1.0,7e-07,False,1
0.01,0.03,0.01985812907425505,7912,7.881574674684089e-06,4.201304491687016e-05,-4.2004594054821674e-08,maplen/drosophila,1.0,7e-07,False,1
0.03,0.1,0.06364553234045345,25672,1.402328780386597e-05,1.441044585844244e-05,6.104741131372135e-09,maplen/drosophila,1.0,7e-07,False,1
0.1,0.3,0.1933366865695635,63249,-8.157875299730222e-07,5.350053323424046e-06,1.648191084070679e-08,maplen/drosophila,1.0,7e-07,False,1
0.3,1.0,0.5119236235918738,99111,-1.6718486222089268e-06,3.3770431691148545e-06,3.825619286332337e-09,maplen/drosophila,1.0,7e-07,False,1
0.0,0.001,0.0005245744795850937,424,-0.00012189470726298168,8.60455637565355e-05,8.111762100812499e-08,maplen/drosophila,1.0,7e-07,False,2
0.001,0.003,0.0020535696826522454,815,-0.00027129065711051226,0.00018296721464465795,-6.965106041532102e-08,maplen/drosophila,1.0,7e-07,False,2
0.003,0.01,0.006487048816327112,2837,2.1497235138667747e-05,9.648789190381419e-05,7.966842119952523e-08,maplen/drosophila,1.0,7e-07,False,2
0.01,0.03,0.01994152525792703,7780,-2.0534398572635837e-05,3.0831147419874204e-05,2.43873606398542e-08,maplen/drosophila,1.0,7e-07,False,2
0.03,0.1,0.0643826152382263,25688,-3.3299023925792426e-05,1.2658737816671948e-05,-4.074659967392205e-09,maplen/drosophila,1.0,7e-07,False,2
0.1,0.3,0.19416315882200108,64293,2.0158745428489055e-06,5.1885212156106455e-06,8.635049254935127e-09,maplen/drosophila,1.0,7e-07,False,2
0.3,1.0,0.5043522422461268,98163,2.603391067168559e-06,2.937128467313766e-06,4.710083042344893e-09,maplen/drosophila,1.0,7e-07,False,2
0.0,0.001,0.00035629062694830793,43,-0.0006119479076005518,0.00032888305140223655,-6.294153638840821e-08,maplen/drosophila,10.0,7e-07,False,0
0.001,0.003,0.0020258012620932853,63,0.0018549206433817744,0.0015269686203973406,7.436841841196275e-07,maplen/drosophila,10.0,7e-07,False,0
0.003,0.01,0.006479685883419295,291,-0.0002379788929829374,0.0005888257467412233,1.5643955687690294e-08,maplen/drosophila,10.0,7e-07,False,0
0.01,0.03,0.02003080912229005,791,-2.7386392957851058e-06,0.0001225674005790457,6.039039639364558e-09,maplen/drosophila,10.0,7e-07,False,0
0.03,0.1,0.06502496240064881,2768,-9.24845298868604e-05,5.556650824348742e-05,-3.375506443004932e-08,maplen/drosophila,10.0,7e-07,False,0
0.1,0.3,0.19956768247390289,7932,-2.9866545446566306e-05,1.8066176075467215e-05,6.642964032720815e-10,maplen/drosophila,10.0,7e-07,False,0
0.3,1.0,0.6396766756049987,26137,-5.316293481882894e-06,8.424578188308274e-06,7.487137072387057e-10,maplen/drosophila,10.0,7e-07,False,0
1.0,10.0,3.6441557484331777,161975,4.4708467612508684e-06,3.191711114967235e-06,2.2589160563011747e-09,maplen/drosophila,10.0,7e-07,False,0
0.0,0.001,0.0005304549972173778,43,-0.0016123573295772076,0.0018508749325482315,-5.553547842758502e-08,maplen/drosophila,10.0,7e-07,False,1
0.001,0.003,0.0020056389674860675,97,-0.0015685807447880507,0.0011597261095858005,6.44038102715376e-08,maplen/drosophila,10.0,7e-07,False,1
0.003,0.01,0.006404964309066896,287,-7.483318040613085e-05,6.772690864127524e-05,-1.2278934666615534e-08,maplen/drosophila,10.0,7e-07,False,1
0.01,0.03,0.020274416640067017,767,1.8255022951052524e-05,8.04404883509184e-05,-4.9783121473032146e-08,maplen/drosophila,10.0,7e-07,False,1
0.03,0.1,0.0652249205559341,2774,0.00014234651462174952,5.0139500082201956e-05,-3.633099383448239e-08,maplen/drosophila,10.0,7e-07,False,1
0.1,0.3,0.1971254303925607,7862,9.456153748033103e-06,2.149118878625694e-05,1.229018936697225e-08,maplen/drosophila,10.0,7e-07,False,1
0.3,1.0,0.6429742761450769,26268,1.3050912457401864e-05,8.426703226702132e-06,-2.2902115817715612e-09,maplen/drosophila,10.0,7e-07,False,1
1.0,10.0,3.6408472824349616,161902,3.107216116404743e-06,3.3402408685538327e-06,1.2271567781634503e-10,maplen/drosophila,10.0,7e-07,False,1
0.0,0.001,0.0005102854297212023,45,7.240887498483062e-05,0.00012715822332248016,-1.9658192757166108e-08,maplen/drosophila,10.0,7e-07,False,2
0.001,0.003,0.00210869034550365,75,0.0004267328476998955,0.0007039637176943332,-2.4751395646805974e-07,maplen/drosophila,10.0,7e-07,False,2
0.003,0.01,0.006736033129228769,253,0.00014281617768574506,0.0003844094730858919,-5.5661873374430526e-08,maplen/drosophila,10.0,7e-07,False,2
0.01,0.03,0.02006453665675867,811,0.0002861871325876564,0.00017688146044256777,-3.45696955165981e-08,maplen/drosophila,10.0,7e-07,False,2
0.03,0.1,0.06471320711006978,2805,-3.874570029438473e-05,5.139582222090845e-05,-6.543343578717375e-08,maplen/drosophila,10.0,7e-07,False,2
0.1,0.3,0.20087916220467128,7841,4.267933945811819e-06,1.9500255231800812e-05,-4.608908706704206e-09,maplen/drosophila,10.0,7e-07,False,2
0.3,1.0,0.6449536091993568,26292,3.453603085290524e-06,9.153760758465294e-06,-9.817865369059896e-09,maplen/drosophila,10.0,7e-07,False,2
1.0,10.0,3.6415843161874,161878,-6.60288060316816e-06,3.297796170848564e-06,-1.5070196078271729e-09,maplen/drosophila,10.0,7e-07,False,2
