r_mf,V_f,V_m,COV,direct,indirect,interference_pct,n_seg,n_sampled,label,lam,N,map_length_M,mu_bp,male_recombination,rep,seed
-0.4067579011955611,0.1089506326863071,0.0952856707084261,-0.0414442871142889,0.0,-0.0414442871142889,-38.039510273993685,3821,250,lambda2,2.0,1250,0.01,7e-07,True,0,20302005
-0.0209665677517012,0.0729800438380545,0.1143542395949909,-0.0019153825962816,0.0,-0.0019153825962816,-2.624529248751857,3748,250,lambda2,2.0,1250,0.01,7e-07,True,1,20302006
-0.3359487470105001,0.0899218938115863,0.0981481889874833,-0.0315607193472013,0.0,-0.0315607193472013,-35.09792555451585,4095,250,lambda2,2.0,1250,0.01,7e-07,True,2,20302007
-0.3258581094170389,0.1025444014097116,0.1089333816585643,-0.0344401475582694,0.0,-0.0344401475582694,-33.58559520052723,4077,250,lambda2,2.0,1250,0.01,7e-07,True,3,20302008
0.09137998532624,0.0763691614110945,0.0686351764528372,0.006615816823773,0.0,0.006615816823773,8.66294287056551,3573,250,lambda2,2.0,1250,0.01,7e-07,True,4,20302009
-0.2185991801740725,0.091520922448829,0.0678329711778368,-0.0172238067200042,0.0,-0.0172238067200042,-18.819529195233315,3500,250,lambda2,2.0,1250,0.01,7e-07,True,5,20302010
-0.194731759882831,0.1125043278429157,0.0767307566834958,-0.0180928150598441,0.0,-0.0180928150598441,-16.081883609941013,4286,250,lambda2,2.0,1250,0.1,7e-07,True,0,20303005
-0.1199218447870937,0.1221662738323456,0.0617719105049829,-0.010417643259207,0.0,-0.010417643259207,-8.527429815452747,4271,250,lambda2,2.0,1250,0.1,7e-07,True,1,20303006
-0.2141728719496537,0.1149604823777493,0.0799708879272193,-0.0205354728864146,0.0,-0.0205354728864146,-17.86307125864091,4119,250,lambda2,2.0,1250,0.1,7e-07,True,2,20303007
-0.1248622640136229,0.0985769671807808,0.0925562735945159,-0.0119267430301153,0.0,-0.0119267430301153,-12.098914555002269,4288,250,lambda2,2.0,1250,0.1,7e-07,True,3,20303008
-0.1738705112419248,0.0928869516303514,0.0750986654895536,-0.0145217647210908,0.0,-0.0145217647210908,-15.633804819950363,4338,250,lambda2,2.0,1250,0.1,7e-07,True,4,20303009
-0.086136575419938,0.081869604252386,0.0858407532903217,-0.0072209727629208,0.0,-0.0072209727629208,-8.820089981942772,4220,250,lambda2,2.0,1250,0.1,7e-07,True,5,20303010
-0.216048160503051,0.0165031967056717,0.023629320421616,-0.0042663867980756,0.0,-0.0042663867980756,-25.851881148634444,5522,500,lambda1,1.0,2500,0.1,7e-07,True,0,20302005
0.0307029332147955,0.0195603115394135,0.0177894875049738,0.0005727293903568,0.0,0.0005727293903568,2.92801773224724,5392,500,lambda1,1.0,2500,0.1,7e-07,True,1,20302006
-0.09247323214002,0.0193916191577522,0.0231824043114961,-0.0019606601047814,0.0,-0.0019606601047814,-10.11086330043554,5582,500,lambda1,1.0,2500,0.1,7e-07,True,2,20302007
0.0588818758196018,0.0169691168664563,0.0211987781877244,0.0011167775441107,0.0,0.0011167775441107,6.581235505062367,5562,500,lambda1,1.0,2500,0.1,7e-07,True,3,20302008
-0.0201664379475371,0.0185389461529887,0.0195387955260171,-0.0003838138213771,0.0,-0.0003838138213771,-2.070310891513456,5454,500,lambda1,1.0,2500,0.1,7e-07,True,4,20302009
-0.0124327314871793,0.0158038035343028,0.0225668476044934,-0.0002347917394377,0.0,-0.0002347917394377,-1.485666022917573,5274,500,lambda1,1.0,2500,0.1,7e-07,True,5,20302010
-0.2892936854860586,0.016759864088927663,0.02365349357241742,-0.005759991567152203,0.0,-0.005759991567152203,-34.36777014771569,5049,500,lambda1,1.0,2500,0.001,7e-07,True,0,20302005
-0.35673665971039914,0.0367414456268075,0.030784847940168163,-0.01199759970806013,0.0,-0.01199759970806013,-32.65413078713042,4976,500,lambda1,1.0,2500,0.001,7e-07,True,1,20302006
-0.12180368770467784,0.020018419089116522,0.020736676423956657,-0.0024816749737635174,0.0,-0.0024816749737635174,-12.396957835260515,4513,500,lambda1,1.0,2500,0.001,7e-07,True,2,20302007
-0.05899132293834275,0.015448522001476167,0.014556261652055615,-0.0008846195446550369,0.0,-0.0008846195446550369,-5.7262406369393,4587,500,lambda1,1.0,2500,0.001,7e-07,True,3,20302008
-0.2289870625434552,0.01457575433700656,0.019023997155630894,-0.003813092600184624,0.0,-0.003813092600184624,-26.160516375495686,4344,500,lambda1,1.0,2500,0.001,7e-07,True,4,20302009
-0.049235123995895864,0.014986121014359718,0.014489364981302983,-0.0007255115484089882,0.0,-0.0007255115484089882,-4.841223073761397,4794,500,lambda1,1.0,2500,0.001,7e-07,True,5,20302010
-0.13856050786942625,0.024223926643989525,0.021103878988440846,-0.0031328736632309844,0.0,-0.0031328736632309844,-12.932972053927177,4645,500,lambda1,1.0,2500,0.01,7e-07,True,0,20303005
0.15190364695244415,0.015565902824603486,0.014129878359538061,0.002252810022975871,0.0,0.002252810022975871,14.472723158820422,4367,500,lambda1,1.0,2500,0.01,7e-07,True,1,20303006
0.011858913524200829,0.01635228134828186,0.01983434190102148,0.0002135713412992766,0.0,0.0002135713412992766,1.306064497977321,4798,500,lambda1,1.0,2500,0.01,7e-07,True,2,20303007
-0.15452532364328234,0.018204987437400854,0.014793121642070594,-0.0025358570487450573,0.0,-0.0025358570487450573,-13.929463326820644,4460,500,lambda1,1.0,2500,0.01,7e-07,True,3,20303008
-0.024395730965433706,0.01404376383187055,0.01604445148168069,-0.0003661997396743559,0.0,-0.0003661997396743559,-2.6075612211828267,4710,500,lambda1,1.0,2500,0.01,7e-07,True,4,20303009
-0.2713622489532156,0.017131175217074832,0.02415272704409431,-0.005519834989209981,0.0,-0.005519834989209981,-32.2209942941235,4981,500,lambda1,1.0,2500,0.01,7e-07,True,5,20303010
