r_wgmf|M,prop_SA|M,r_wgmf|E,prop_SA|E,r_wgmf|F,prop_SA|F,r_female_across|M-F,r_female_across|M-E,r_female_across|F-E,r_male_across|M-F,r_male_across|M-E,r_male_across|F-E,linevar_rel_female|M,linevar_rel_male|M,linecov_rel_mf|M,cross_over_within_female|M,cross_over_within_male|M,linevar_rel_female|E,linevar_rel_male|E,linecov_rel_mf|E,cross_over_within_female|E,cross_over_within_male|E,linevar_rel_female|F,linevar_rel_male|F,linecov_rel_mf|F,cross_over_within_female|F,cross_over_within_male|F,within_cv2_female|E,within_cv2_female|F,within_cv2_female|M,within_cv2_male|E,within_cv2_male|F,within_cv2_male|M,regime,pop,assay,r_hemigenome_true,r_pop
0.5725237620724759,0.21373811896376219,0.5039025654921422,0.24804871725392905,0.6264644925094184,0.18676775374529084,0.8978970466183861,0.8630246944886625,0.887281284674265,0.566097327464127,0.7382241416453666,0.5863289056556439,0.057988249609017606,0.24573368956866146,0.06655477770934064,1.1477286891410303,0.27084107932520296,0.037394197317959295,0.16305339994018683,0.039392983556126665,1.0534517754498613,0.24159559733545735,0.02550564729059355,0.10450674713050633,0.03199301229871593,1.2543501419199392,0.3061334619741209,0.055140539573878544,0.04387924655738657,0.09600444432171999,0.6311121532274075,0.6765782688616029,1.195672423358594,shared,0,0,0.6963095778352564,0.8305132609977969
0.621845730130444,0.18907713493477804,0.6402639635989574,0.17986801820052128,0.4388905591702825,0.28055472041485874,0.859366012591247,0.9091325149404754,0.8795378487882181,0.5327686359592861,0.7394635075528324,0.5932758711371459,0.06330463738541656,0.3187040093263311,0.08671300162301557,1.3697732931488455,0.27208004632984517,0.034945364825168135,0.19207473438188796,0.05130116236682453,1.4680391125828718,0.2670895916212813,0.020624415800216046,0.0774290649008746,0.016710938934609364,0.8102502924923727,0.2158225590868605,0.04337223931807495,0.04155222900545965,0.10242280896734364,0.5860236416127189,0.7013435906840167,1.1190206576359407,shared,0,1,0.6963095778352564,0.8305132609977969
0.6565180861439479,0.17174095692802607,0.49321064087798555,0.2533946795610072,0.42610029373850783,0.286949853130746,0.8300350798151077,0.8646368675112809,0.8635439631797003,0.5075837672414152,0.6254691498954151,0.5607847489529543,0.0523323024819312,0.28027652299001654,0.07808324167294034,1.4920658554990998,0.27859358621956953,0.02898184450429452,0.1776683593230093,0.03481460494782441,1.2012556668939962,0.19595275760119923,0.019764395885340777,0.09419789773919171,0.017195572639926097,0.870027737740268,0.18254730787661472,0.05006923953710969,0.04174768463941854,0.09787945419159391,0.5850723625789519,0.793501281794128,1.199070241037014,shared,0,2,0.6963095778352564,0.8305132609977969
0.7289262916983928,0.1355368541508036,0.5863737957716839,0.20681310211415802,0.4618239979195321,0.269088001040234,0.8961826545400267,0.910761661142705,0.9375506894627307,0.6212509275092291,0.7595533103032545,0.6544584005853203,0.052550249336238496,0.2651299140155009,0.08558927737423039,1.6287130595060426,0.322820145331569,0.04076372072528954,0.14080662990794982,0.04199561189199857,1.0302202827610083,0.29825024517277743,0.024584759201514633,0.11319479938010756,0.023420644291906465,0.9526489195982669,0.2069056566217328,0.04455303724228126,0.04496894425568345,0.0939010480782175,0.5436485941799569,0.5782231261187614,1.053242483743804,shared,0,3,0.6963095778352564,0.8305132609977969
0.33919971818245387,0.33040014090877307,0.4491039072833139,0.2754480463583432,0.02941623614198463,0.4852918819290077,0.7553707622599001,0.8081942070843913,0.7828909969985208,0.4245221376720394,0.6623569189577756,0.18051341123688727,0.03271810845665797,0.2600958884453256,0.030065859209171687,0.9189363513786334,0.11559528829496199,0.02097666666552782,0.1505208258925379,0.024302461173571453,1.1585473307591385,0.16145580539746596,0.01491931773833524,0.10901709619644306,0.0004020050494604498,0.026945270320739696,0.0036875413443049143,0.05161967003918399,0.04668127501751092,0.08790175632899776,0.5725068852065303,0.6797665544299687,1.371339066953703,shared,0,4,0.6963095778352564,0.8305132609977969
0.44258288808475316,0.2787085559576235,0.43203566956838957,0.2839821652158052,0.32879188349914484,0.33560405825042766,0.8019019634189332,0.8742152933288033,0.8618816713917836,0.529701207406929,0.7877070379760621,0.5434406485912875,0.04529643114897897,0.26772970747692376,0.045407443983988674,1.0024508075403245,0.16960181375427844,0.028614560363673772,0.14793717787543065,0.027337705273349618,0.9553774346313171,0.184792664467137,0.021021699923937882,0.11766448833614512,0.016478020742459683,0.7838576709819642,0.14004242890501598,0.048122785509746024,0.04433996618385399,0.09201590673808718,0.5457195896915488,0.6498019574607706,1.2746562628875342,shared,0,5,0.6963095778352564,0.8305132609977969
0.667401644541624,0.16629917772918804,0.5763716111648426,0.2118141944175788,0.4029535012946274,0.29852324935268626,0.9062833488220822,0.8983621153111715,0.9013631468143384,0.38553533994150146,0.5848111240149869,0.39494914449660856,0.05734170521744062,0.3044925931209954,0.08682862801155074,1.5142317041722992,0.28515842412313747,0.031011945957807215,0.15669484361291336,0.04117115696890506,1.327590246188349,0.26274736308880114,0.020920581503076886,0.05788759033950378,0.013768613001199406,0.6581372032691535,0.23785085750586854,0.045094844764824726,0.045229938690509196,0.09215639070776421,0.5789666110618413,0.6145557840801362,1.0959723996515756,shared,0,6,0.6963095778352564,0.8305132609977969
0.5369364002119402,0.2315317998940299,0.5580594438157892,0.2209702780921055,0.23381951254562408,0.383090243727188,0.8428659328297888,0.8582764005348507,0.8953903237912216,0.3834609876457164,0.7802102966770442,0.5587399252974009,0.0389919764851319,0.36398504272600446,0.06215897223088246,1.5941477666458999,0.17077342454885877,0.02318507401458819,0.2006691083501785,0.03968748846860759,1.71176889250541,0.19777577522969186,0.019944794893853382,0.11531833458279218,0.009238123901820336,0.4631847031260951,0.08010975822051848,0.04583238086270536,0.04571763854940664,0.1040695830427547,0.5291572903694262,0.711646051266171,1.2033867075690712,shared,0,7,0.6963095778352564,0.8305132609977969
0.6537256307270893,0.17313718463645536,0.4842415335157999,0.2578792332421,0.10556251209864478,0.4472187439506777,0.9142474595362248,0.8677292131954538,0.8590054865205894,0.24555018918686167,0.7123576736047597,0.29839100133820634,0.04599263353746368,0.3486135958210457,0.08377183788308638,1.8214185933677691,0.2402999736306587,0.0245045125977431,0.18312939825436195,0.030799244841217998,1.2568805324475072,0.1681829631659612,0.017739294777457067,0.09069957192371307,0.004367392571636649,0.24619877094475545,0.04815229530862659,0.04392451276162701,0.04049309625740973,0.10186753252889313,0.5584983670609225,0.653302228695519,1.0884358934807983,shared,0,8,0.6963095778352564,0.8305132609977969
0.4079619059152406,0.2960190470423797,0.4803034144769799,0.25984829276150995,0.38447067637940585,0.30776466181029705,0.8199886832035996,0.9243581444456206,0.8439836410116259,0.3376796118675358,0.6510707547013489,0.4622462842080857,0.04348330836587249,0.3652609175139801,0.046241174851429145,1.063423566172834,0.12659765289468533,0.03131738887855505,0.15926471573012885,0.03217441164060842,1.0273657157490619,0.2020184539501353,0.025158215854277785,0.09182054114135835,0.01859319567909202,0.7390506459912783,0.20249494773144136,0.04963719121245496,0.04579466867252261,0.0842958579759385,0.5783153557809119,0.632769910692809,1.0973991355059367,shared,0,9,0.6963095778352564,0.8305132609977969
0.587550963967424,0.20622451801628808,0.6673010446799602,0.1663494776600199,0.5636575697306373,0.21817121513468138,0.8757967055709202,0.9158882592953331,0.915350486569782,0.5870556353617585,0.6795136314134862,0.6013341908895612,0.062302514043682075,0.3572110060689731,0.08596780075814696,1.3798448116856483,0.2406639193573661,0.03946996335149294,0.15731746938191982,0.0504771964350712,1.278876192145284,0.3208619909371136,0.03199199794410884,0.10351088066617609,0.030769087936648593,0.9617745034368683,0.29725462423490817,0.04961404359470683,0.03883999916098916,0.09661624681889905,0.5503791992131919,0.6383248087379979,1.1665754456930135,shared,1,0,0.5363858112537597,0.4669245483710954
0.3492771655183752,0.3253614172408124,0.518093325640294,0.2409533371798529,0.11511687162027567,0.4424415641898622,0.8914974312241983,0.9075907061372466,0.9561288286858164,0.5657685529483999,0.6549131570029098,0.44921146439437126,0.050700934065346724,0.2988051828713494,0.04027905719266634,0.7944440854038709,0.13480039671871588,0.0313219819341927,0.19693856042133015,0.0392167369647235,1.2520515798495009,0.19913183523238542,0.023501318128906035,0.09896845686418539,0.006848129879034044,0.29139343765620596,0.06919507584554689,0.04416519149905236,0.04031269742759122,0.08434505978496852,0.6075877550493353,0.6008312415056238,0.949254485558381,shared,1,1,0.5363858112537597,0.4669245483710954
0.3947680658735439,0.302615967063228,0.2857220446531001,0.35713897767345004,0.127148240388622,0.436425879805689,0.8343992576341586,0.9061097254459751,0.9008100117555649,0.21752869900458885,0.6085878543898782,0.4270373197357396,0.04547414808060074,0.2221742070133279,0.038240528612260426,0.8409289723136963,0.17211956836180553,0.023267245395833636,0.17632071195405494,0.01876806783262079,0.8066304159916372,0.10644278612889965,0.024828888750040985,0.09901910339933938,0.005752046769464575,0.23166750744956638,0.058090273209875885,0.046325110138804707,0.04179420644144171,0.09956388877054785,0.583112398182067,0.6002823199397214,0.9797052320507722,shared,1,2,0.5363858112537597,0.4669245483710954
0.5011492751264917,0.24942536243675423,0.3488958613055281,0.325552069347236,0.24222382845918447,0.3788880857704077,0.8737688686879286,0.8676719445025862,0.821558868123504,0.26785899315085626,0.687813139077163,0.43004557430222806,0.04292569703248606,0.2583792751083854,0.049999219923360504,1.1647852773484662,0.19351095362577647,0.02610810829213408,0.13400131471584276,0.018742320095872168,0.7178735389847799,0.13986668814120443,0.024766493370595298,0.08116899488982827,0.010928143256446705,0.44124709513464855,0.1346344533559842,0.04385284408462448,0.04337736439573108,0.09801758128924881,0.5269614521803481,0.5914325260245129,0.9751049894503112,shared,1,3,0.5363858112537597,0.4669245483710954
0.18962359054745687,0.4051882047262716,0.33540828214252427,0.332295858928738,0.21934391163266298,0.39032804418366857,0.8418378196864373,0.8730108672000607,0.9015470271407096,0.35858336756084297,0.5544593060639763,0.2433356944050219,0.06838510477403213,0.2833678169055657,0.02590742342123482,0.3788460002633884,0.09142683775507454,0.030454631073925063,0.0736370701276471,0.013545338223176854,0.44477104944391305,0.18394727274858327,0.026142441480099306,0.09207967362541732,0.012298074011525158,0.47042561119958726,0.13355905301699988,0.04706602791216318,0.04168678244718682,0.09432940782352875,0.6688823561879658,0.7015038108789048,1.3705089235725751,shared,1,4,0.5363858112537597,0.4669245483710954
0.4517810401589658,0.27410947992051704,0.4618309115794603,0.26908454421026984,0.4045902312919923,0.297704884354004,0.9028503814543458,0.9278658225214536,0.9141199310237352,0.7227665195152222,0.774380266840454,0.5335699514320272,0.04819435504835695,0.3302884471212629,0.05418128042048142,1.1242246185495655,0.16404231178146286,0.03828899337857988,0.1499469545581226,0.035089576953172,0.9164403097837055,0.2340132686027347,0.025838837876717174,0.11997596332673154,0.02253200348474905,0.8720207771051559,0.18780431396401842,0.04649156816656236,0.04508125230370618,0.10359442303076306,0.7430406857500019,0.7528908430552683,1.0662843786301575,shared,1,5,0.5363858112537597,0.4669245483710954
0.14700554648098635,0.4264972267595068,0.3550544121186389,0.3224727939406805,0.16386093904568785,0.41806953047715606,0.8588114952575321,0.893979651547895,0.858336739178062,0.19739341810371144,0.6479096343794417,0.30779972617523155,0.045577201970994734,0.22125157906978724,0.018366661038411232,0.4029791264961756,0.08301256477187904,0.030228488417868567,0.14503370726938183,0.02270932101363247,0.7512555937202804,0.15657960788006867,0.02088732186711235,0.07396328849910154,0.00813288153488375,0.3893692827939416,0.10995835501530658,0.051036987240049084,0.046921219874436114,0.0937466650884253,0.6342301728755027,0.6781719028559047,1.1930803041501037,shared,1,6,0.5363858112537597,0.4669245483710954
0.5006847233848091,0.24965763830759546,0.41445714337913075,0.2927714283104347,0.22600888423826662,0.3869955578808666,0.9104734239170338,0.9232854420703261,0.893991882898183,0.21272698749370234,0.741847163613307,0.2517863773066584,0.05971472562382827,0.41577731153326764,0.08109926530623522,1.358111662726518,0.19505457141748395,0.031431674859909615,0.14836718627762205,0.028772731430073164,0.9154056078243583,0.19392921138393862,0.020596699213279345,0.0945128744324445,0.009538009916792716,0.46308439124280937,0.10091757312502705,0.052076059910001415,0.04655202334324281,0.09148495792787804,0.6407614401411028,0.6810574009196372,0.9881886523194604,shared,1,7,0.5363858112537597,0.4669245483710954
0.35736929276661744,0.3213153536166913,0.35273388590119537,0.3236330570494022,0.007016527364006826,0.49649173631799665,0.891844477562812,0.84098460285319,0.8863979255389166,0.1796300165554505,0.5855651903642459,0.15641015880834133,0.06136066628492364,0.28097623345929085,0.04247144663544545,0.6921607799731587,0.15115672280374173,0.03080571128021121,0.11982036186193822,0.021650279082122827,0.7028008178480334,0.18068948170152532,0.024753837255861548,0.09285279702803537,-0.0007565728153688663,-0.030563859960326546,-0.008148088583055088,0.045938866887674915,0.04330063245473824,0.0983165567360513,0.7081625550698352,0.704399665124582,1.240078019283022,shared,1,8,0.5363858112537597,0.4669245483710954
0.2524327716682821,0.3737836141658589,0.3082020835010028,0.3458989582494986,0.29411183512885564,0.3529440824355722,0.8524218372535652,0.8711215968805485,0.8336806745161285,0.3470977055846188,0.6403660073451529,0.23735992666822722,0.03565078861207964,0.2873445761593841,0.022194842595324574,0.6225624582061627,0.07724120946348942,0.0223368372124084,0.13109355294274103,0.01568827979114296,0.7023500973731374,0.1196723976044442,0.0238343054806291,0.10895286796667406,0.01462730666249323,0.6137081138941225,0.13425352572607227,0.04112325205763577,0.05032120154474284,0.097134844074005,0.6752682904174054,0.7580627212454751,1.3870487974512251,shared,1,9,0.5363858112537597,0.4669245483710954
