regime,pop,sex,sex_ratio,beta,noise_sd
shared,0,Female,M,0.31265486205830034,0.22168405194289584
shared,0,Female,E,0.24412888421847972,0.11034239210981563
shared,0,Female,F,0.20793745789986354,0.11768313265468468
shared,0,Male,M,1.23535249621904,2.3923955602815927
shared,0,Male,E,0.733850631180213,1.522396242354893
shared,0,Male,F,0.3944258265754785,1.3574141114964877
shared,1,Female,M,0.291539686235907,0.22593841489043093
shared,1,Female,E,0.23389717979266578,0.1081601003948503
shared,1,Female,F,0.1944559480411069,0.11926539808336813
shared,1,Male,M,1.3899293317186951,2.308976831411107
shared,1,Male,E,0.8195348050808454,1.513354016894075
shared,1,Male,F,0.5247243391164741,1.321125515396458
shared,2,Female,M,0.3258138544267149,0.23206252544802727
shared,2,Female,E,0.25913117267996344,0.10799407435404197
shared,2,Female,F,0.2198752563285957,0.11742022547432897
shared,2,Male,M,1.6245368001072713,2.388524135998248
shared,2,Male,E,0.8502620350452262,1.5421301459562944
shared,2,Male,F,0.45388488362866874,1.3541166979749109
shared,3,Female,M,0.3488795928116843,0.21413831553616477
shared,3,Female,E,0.2747226396326657,0.08904907834830457
shared,3,Female,F,0.2249361081763587,0.1095783225387849
shared,3,Male,M,1.5582647672418075,2.3688079323539597
shared,3,Male,E,0.8642052368517077,1.4932671841448926
shared,3,Male,F,0.46714644332398675,1.3343826136901145
shared,4,Female,M,0.3001880192881723,0.2309631247262228
shared,4,Female,E,0.23470291449528055,0.1136598732925346
shared,4,Female,F,0.19942437044965342,0.12155850104869687
shared,4,Male,M,1.3666993347891743,2.50601900045286
shared,4,Male,E,0.7618702853702093,1.5717235667407852
shared,4,Male,F,0.4381391454710005,1.3253360972676813
shared,5,Female,M,0.3223718556826928,0.22354804442312023
shared,5,Female,E,0.2527785486240832,0.10386135112391182
shared,5,Female,F,0.21242144245534278,0.12486375144938684
shared,5,Male,M,1.4764359019235476,2.4085877209544817
shared,5,Male,E,0.8199021443110869,1.5325548486538128
shared,5,Male,F,0.4830765473453521,1.3178112662841905
sexlimited,0,Female,M,0.3566371977887648,0.2082929350970167
sexlimited,0,Female,E,0.27833354579765884,0.09352532855167611
sexlimited,0,Female,F,0.23655996159900758,0.10356249652144173
sexlimited,0,Male,M,1.3565896448469652,2.2787007831595067
sexlimited,0,Male,E,0.7973145982763186,1.5035304692491471
sexlimited,0,Male,F,0.4624348535413725,1.3248926964389076
sexlimited,1,Female,M,0.3321380185506854,0.2295656852016562
sexlimited,1,Female,E,0.25660552930056807,0.11197934719793218
sexlimited,1,Female,F,0.2148481863587493,0.12091613970924248
sexlimited,1,Male,M,1.3439011897742146,2.327028519641077
sexlimited,1,Male,E,0.8187465354244157,1.5116814413310697
sexlimited,1,Male,F,0.4643356144702589,1.32250148703158
sexlimited,2,Female,M,0.34233773393689115,0.2204426805394456
sexlimited,2,Female,E,0.26619958270377553,0.1030238839717908
sexlimited,2,Female,F,0.2252744110289914,0.1155081704613372
sexlimited,2,Male,M,1.3719636986307715,2.328499278175979
sexlimited,2,Male,E,0.7607063384211586,1.5184466856030023
sexlimited,2,Male,F,0.47317283855535347,1.328424564249705
sexlimited,3,Female,M,0.31969355858646054,0.22981819066931358
sexlimited,3,Female,E,0.2512313066377426,0.11387045135089716
sexlimited,3,Female,F,0.21005276454119498,0.12268997544221596
sexlimited,3,Male,M,1.411447605457834,2.3978929234692155
sexlimited,3,Male,E,0.7463447829496972,1.5616424385848129
sexlimited,3,Male,F,0.43818936420230603,1.3254842503408213
sexlimited,4,Female,M,0.28696366225159214,0.22909084915450048
sexlimited,4,Female,E,0.22378474300624854,0.11882199713158666
sexlimited,4,Female,F,0.1879290346205228,0.12232973678078199
sexlimited,4,Male,M,1.4819613963839493,2.4249753933337974
sexlimited,4,Male,E,0.7889392675412533,1.5586649006676891
sexlimited,4,Male,F,0.4754125527450005,1.3181090596286578
sexlimited,5,Female,M,0.36922388195646616,0.19963057514326216
sexlimited,5,Female,E,0.2881328022258822,0.07399588171571975
sexlimited,5,Female,F,0.2432597099856637,0.09546887820250549
sexlimited,5,Male,M,1.143025066322873,2.471702252815256
sexlimited,5,Male,E,0.6466932563410849,1.5379518670677654
sexlimited,5,Male,F,0.3620312153287099,1.307981592410485
trueSA,0,Female,M,0.2887898515644217,0.22125688419368758
trueSA,0,Female,E,0.2140089003466628,0.11084287252655418
trueSA,0,Female,F,0.17966105994567108,0.11985157952087658
trueSA,0,Male,M,1.049679055290243,2.449909426530615
trueSA,0,Male,E,0.6150347811308963,1.5250626825742821
trueSA,0,Male,F,0.33711998804324844,1.3598076697490171
trueSA,1,Female,M,0.2842842644502498,0.22581673453855958
trueSA,1,Female,E,0.2197847886359442,0.11046591934002258
trueSA,1,Female,F,0.18213843537970642,0.12039660628627287
trueSA,1,Male,M,1.0798897682048099,2.498745745589885
trueSA,1,Male,E,0.5819036418250085,1.5860473879692498
trueSA,1,Male,F,0.36440150657998466,1.35000730950495
trueSA,2,Female,M,0.2681018372476399,0.22334282148836992
trueSA,2,Female,E,0.20466644098236245,0.10443811238717897
trueSA,2,Female,F,0.17229279907916625,0.1171288844054239
trueSA,2,Male,M,1.2463203258183944,2.632199415701539
trueSA,2,Male,E,0.6043791367812346,1.6523575741073109
trueSA,2,Male,F,0.39559011607135597,1.3796614978853814
trueSA,3,Female,M,0.3069452961228539,0.2235640327120139
trueSA,3,Female,E,0.23212425536453943,0.10547519984717463
trueSA,3,Female,F,0.190745510605424,0.11616806289899723
trueSA,3,Male,M,1.131158681717061,2.5333666535411306
trueSA,3,Male,E,0.5856976785729043,1.5613911678173922
trueSA,3,Male,F,0.39087686320128406,1.3265302899954092
trueSA,4,Female,M,0.2694506624507403,0.2273746402008223
trueSA,4,Female,E,0.2017686535399039,0.11928017627885341
trueSA,4,Female,F,0.17011909952940166,0.12485271765934902
trueSA,4,Male,M,1.0687255936168116,2.5980387353452925
trueSA,4,Male,E,0.5717116654672987,1.6052914660922692
trueSA,4,Male,F,0.3469070189977239,1.330573211810938
trueSA,5,Female,M,0.2816191579169243,0.22760172075182614
trueSA,5,Female,E,0.21822036536198178,0.11059286957048066
trueSA,5,Female,F,0.1817210251839449,0.12207286742393036
trueSA,5,Male,M,1.0808468174218184,2.516151356199773
trueSA,5,Male,E,0.5687083105651192,1.589511112535809
trueSA,5,Male,F,0.36059194839119535,1.3042787154323596
