r_mf,V_f,V_m,COV,direct,indirect,interference_pct,n_seg,n_sampled,regime,pop
0.02233795274552314,0.1068681993962844,0.13030719050084752,0.0026360388375093555,0.028015262331259717,-0.02537922349375036,2.4666260425465776,6955,960,shared,0
0.23250084744335378,0.1027347285542757,0.1228943606928978,0.026124570334184208,0.0399247583276113,-0.013800187993427089,25.429152051910428,6760,960,shared,1
0.1659270394365516,0.12053471202734249,0.13357348747794986,0.021053939189547236,0.022440911272004094,-0.0013869720824568575,17.467117011713018,6804,960,shared,2
0.3114129330014013,0.11589798686509963,0.1078135860762709,0.034810586215648816,0.03503735043167118,-0.00022676421602236402,30.03554000999765,6891,960,shared,3
0.14536034464128733,0.11847963728207032,0.09343281196856253,0.015293874137044286,0.03294315865788636,-0.017649284520842072,12.908441051885907,6797,960,shared,4
0.24424781521583117,0.09851336344540983,0.11406849632250339,0.025891732978005153,0.03024204172194062,-0.004350308743935466,26.2824576001334,7020,960,shared,5
-0.04603687477330694,0.09516972908065174,0.08958885614229832,-0.004250913287369739,0.0,-0.004250913287369739,-4.466665323558183,7226,960,sexlimited,0
-0.036031017994924704,0.09563729096130343,0.10646162666186058,-0.003635688899539056,0.0,-0.003635688899539056,-3.8015389844220087,7549,960,sexlimited,1
-0.0059717493090686346,0.07481369698416007,0.08597254156203914,-0.00047892996368611675,0.0,-0.00047892996368611675,-0.6401634767327675,7179,960,sexlimited,2
-0.08564258033765451,0.09053865343781806,0.08281466311511237,-0.007415840475965955,0.0,-0.007415840475965955,-8.190800497225368,7233,960,sexlimited,3
-0.11473822904826998,0.07896335914267961,0.10055909161527245,-0.01022425378050558,0.0,-0.01022425378050558,-12.948098829016736,7309,960,sexlimited,4
-0.07265763383719584,0.0797442630578592,0.11033949388164487,-0.00681548033123158,0.0,-0.00681548033123158,-8.546671659987057,7182,960,sexlimited,5
-0.9999463237425588,26157.484119600307,10767.048740425902,-16781.199975246076,-7.623299290997604,-16773.57667595508,-64.15448786480043,17569,960,trueSA,0
-0.9999908514483724,26778.07221742191,11520.680233072278,-17564.053137447867,-7.7269066198792835,-17556.32623082799,-65.59117846437292,17918,960,trueSA,1
-0.9999853142512335,28327.785396274616,12914.869260436768,-19126.91557354607,-8.213244044031388,-19118.702329502037,-67.51998190462658,17849,960,trueSA,2
-0.9996867298525276,25412.201618526058,10727.556827127533,-16505.758451052654,-7.844703862185901,-16497.91374719047,-64.9520993844925,17516,960,trueSA,3
-0.9999932392473341,27780.90466127875,12349.181382218208,-18522.062298722172,-8.278994627388744,-18513.783304094784,-66.67191916373541,18015,960,trueSA,4
-0.9994024473439773,23397.358841519013,9199.777461536256,-14662.650660080759,-7.649636396694245,-14655.001023684064,-62.66797359222287,17350,960,trueSA,5
