chromosome,k1,k2,outcome,frac_fixed,mean_time,n_cases
autosome,0.0,0.0,A2 female,0.0,3025.0,8672
autosome,0.0,0.0,B2 female,0.0,3025.0,8672
autosome,0.0,0.0,A2B2 female,0.0,3025.0,8672
autosome,0.0,0.0,A2 male,0.0,3025.0,8672
autosome,0.0,0.0,B2 male,0.0,3025.0,8672
autosome,0.0,0.0,A2B2 male,0.0,3025.0,8672
autosome,0.0,0.1,A2 female,0.0,3025.0,8672
autosome,0.0,0.1,B2 female,0.3495156826568266,2311.243813922798,8672
autosome,0.0,0.1,A2B2 female,0.0,3025.0,8672
autosome,0.0,0.1,A2 male,0.0,3025.0,8672
autosome,0.0,0.1,B2 male,0.34940036900369004,2311.9894389438946,8672
autosome,0.0,0.1,A2B2 male,0.0,3025.0,8672
autosome,0.0,0.2,A2 female,0.0,3025.0,8672
autosome,0.0,0.2,B2 female,0.7803274907749077,1586.4422934830795,8672
autosome,0.0,0.2,A2B2 female,0.0,3025.0,8672
autosome,0.0,0.2,A2 male,0.0,3025.0,8672
autosome,0.0,0.2,B2 male,0.7803274907749077,1587.6471109797546,8672
autosome,0.0,0.2,A2B2 male,0.0,3025.0,8672
autosome,0.0,0.3,A2 female,0.0,3025.0,8672
autosome,0.0,0.3,B2 female,0.8955258302583026,1155.7969353592582,8672
autosome,0.0,0.3,A2B2 female,0.0,3025.0,8672
autosome,0.0,0.3,A2 male,0.0,3025.0,8672
autosome,0.0,0.3,B2 male,0.8955258302583026,1157.1455060520216,8672
autosome,0.0,0.3,A2B2 male,0.0,3025.0,8672
autosome,0.0,0.4,A2 female,0.007380073800738007,1834.890625,8672
autosome,0.0,0.4,B2 female,0.9303505535055351,870.6559246405553,8672
autosome,0.0,0.4,A2B2 female,0.007380073800738007,1834.890625,8672
autosome,0.0,0.4,A2 male,0.007380073800738007,1780.171875,8672
autosome,0.0,0.4,B2 male,0.9303505535055351,872.1317550818046,8672
autosome,0.0,0.4,A2B2 male,0.007380073800738007,1780.171875,8672
autosome,0.0,0.5,A2 female,0.020641143911439116,947.3072625698323,8672
autosome,0.0,0.5,B2 female,0.9532979704797048,686.9852425305431,8672
autosome,0.0,0.5,A2B2 female,0.020641143911439116,975.608938547486,8672
autosome,0.0,0.5,A2 male,0.020641143911439116,916.6312849162011,8672
autosome,0.0,0.5,B2 male,0.9532979704797048,688.5783234546994,8672
autosome,0.0,0.5,A2B2 male,0.020641143911439116,948.4692737430167,8672
autosome,0.0,0.6,A2 female,0.07564575645756458,715.8643292682926,8672
autosome,0.0,0.6,B2 female,0.959640221402214,539.9712809420812,8672
autosome,0.0,0.6,A2B2 female,0.07564575645756458,746.5899390243902,8672
autosome,0.0,0.6,A2 male,0.08487084870848709,919.34375,8672
autosome,0.0,0.6,B2 male,0.959640221402214,541.6981494832972,8672
autosome,0.0,0.6,A2B2 male,0.08487084870848709,949.9089673913044,8672
autosome,0.0,0.7,A2 female,0.19315036900369004,583.2477611940299,8672
autosome,0.0,0.7,B2 female,0.9641374538745388,436.8257385480206,8672
autosome,0.0,0.7,A2B2 female,0.19315036900369004,617.4053731343283,8672
autosome,0.0,0.7,A2 male,0.20087638376383765,656.2858783008037,8672
autosome,0.0,0.7,B2 male,0.9641374538745388,438.6816170314556,8672
autosome,0.0,0.7,A2B2 male,0.20087638376383765,691.6320321469575,8672
autosome,0.0,0.8,A2 female,0.3856088560885609,512.4019138755981,8672
autosome,0.0,0.8,B2 female,0.9682887453874539,366.2278194593307,8672
autosome,0.0,0.8,A2B2 female,0.3856088560885609,546.8857655502393,8672
autosome,0.0,0.8,A2 male,0.3856088560885609,498.2730263157895,8672
autosome,0.0,0.8,B2 male,0.9682887453874539,368.18482791473144,8672
autosome,0.0,0.8,A2B2 male,0.3856088560885609,535.0927033492823,8672
autosome,0.0,0.9,A2 female,0.7049123616236163,444.22558481923767,8672
autosome,0.0,0.9,B2 female,0.9723247232472325,319.57827324478177,8672
autosome,0.0,0.9,A2B2 female,0.7049123616236163,479.4266317683625,8672
autosome,0.0,0.9,A2 male,0.7049123616236163,435.62718796008505,8672
autosome,0.0,0.9,B2 male,0.9723247232472325,321.60436432637573,8672
autosome,0.0,0.9,A2B2 male,0.7049123616236163,472.85898903975135,8672
autosome,0.0,1.0,A2 female,0.972440036900369,292.980078263963,8672
autosome,0.0,1.0,B2 female,0.9752075645756457,289.01809152181625,8672
autosome,0.0,1.0,A2B2 female,0.972440036900369,339.0422151073165,8672
autosome,0.0,1.0,A2 male,0.972440036900369,290.93086683268115,8672
autosome,0.0,1.0,B2 male,0.9752075645756457,291.0626699775334,8672
autosome,0.0,1.0,A2B2 male,0.972440036900369,339.07695956361914,8672
autosome,0.1,0.0,A2 female,0.0,3025.0,8672
autosome,0.1,0.0,B2 female,0.0,3025.0,8672
autosome,0.1,0.0,A2B2 female,0.0,3025.0,8672
autosome,0.1,0.0,A2 male,0.0,3025.0,8672
autosome,0.1,0.0,B2 male,0.0,3025.0,8672
autosome,0.1,0.0,A2B2 male,0.0,3025.0,8672
autosome,0.1,0.1,A2 female,0.0,3025.0,8672
autosome,0.1,0.1,B2 female,0.11254612546125461,2232.8852459016393,8672
autosome,0.1,0.1,A2B2 female,0.0,3025.0,8672
autosome,0.1,0.1,A2 male,0.0,3025.0,8672
autosome,0.1,0.1,B2 male,0.11254612546125461,2233.503073770492,8672
autosome,0.1,0.1,A2B2 male,0.0,3025.0,8672
autosome,0.1,0.2,A2 female,0.0,3025.0,8672
autosome,0.1,0.2,B2 female,0.3912592250922509,1588.5290303566167,8672
autosome,0.1,0.2,A2B2 female,0.0,3025.0,8672
autosome,0.1,0.2,A2 male,0.0,3025.0,8672
autosome,0.1,0.2,B2 male,0.39137453874538747,1589.5126694166177,8672
autosome,0.1,0.2,A2B2 male,0.0,3025.0,8672
autosome,0.1,0.3,A2 female,0.0,3025.0,8672
autosome,0.1,0.3,B2 female,0.6502536900369004,1226.2879943252349,8672
autosome,0.1,0.3,A2B2 female,0.0,3025.0,8672
autosome,0.1,0.3,A2 male,0.0,3025.0,8672
autosome,0.1,0.3,B2 male,0.6502536900369004,1226.8473133534314,8672
autosome,0.1,0.3,A2B2 male,0.0,3025.0,8672
autosome,0.1,0.4,A2 female,0.0,3025.0,8672
autosome,0.1,0.4,B2 female,0.808809963099631,935.7791559737667,8672
autosome,0.1,0.4,A2B2 female,0.0,3025.0,8672
autosome,0.1,0.4,A2 male,0.0,3025.0,8672
autosome,0.1,0.4,B2 male,0.808809963099631,936.6646706586827,8672
autosome,0.1,0.4,A2B2 male,0.0,3025.0,8672
autosome,0.1,0.5,A2 female,0.014760147601476014,948.515625,8672
autosome,0.1,0.5,B2 female,0.882380073800738,693.7875065342395,8672
autosome,0.1,0.5,A2B2 female,0.014760147601476014,973.9921875,8672
autosome,0.1,0.5,A2 male,0.014760147601476014,904.328125,8672
autosome,0.1,0.5,B2 male,0.8826107011070111,695.6681473739221,8672
autosome,0.1,0.5,A2B2 male,0.014760147601476014,934.21875,8672
autosome,0.1,0.6,A2 female,0.05904059040590406,722.88671875,8672
autosome,0.1,0.6,B2 female,0.9202029520295203,539.3713032581454,8672
autosome,0.1,0.6,A2B2 female,0.05904059040590406,752.439453125,8672
autosome,0.1,0.6,A2 male,0.05904059040590406,689.474609375,8672
autosome,0.1,0.6,B2 male,0.9202029520295203,540.9754385964912,8672
autosome,0.1,0.6,A2B2 male,0.05904059040590406,722.208984375,8672
autosome,0.1,0.7,A2 female,0.16420664206642066,790.7275280898876,8672
autosome,0.1,0.7,B2 female,0.9372693726937269,423.41916830708664,8672
autosome,0.1,0.7,A2B2 female,0.16420664206642066,824.7387640449438,8672
autosome,0.1,0.7,A2 male,0.16420664206642066,750.4824438202247,8672
autosome,0.1,0.7,B2 male,0.9372693726937269,425.2367125984252,8672
autosome,0.1,0.7,A2B2 male,0.16420664206642066,787.0807584269663,8672
autosome,0.1,0.8,A2 female,0.3414437269372694,614.563660925363,8672
autosome,0.1,0.8,B2 female,0.9375,335.6056580565806,8672
autosome,0.1,0.8,A2B2 female,0.3414437269372694,648.6528199932455,8672
autosome,0.1,0.8,A2 male,0.3414437269372694,584.8101992570078,8672
autosome,0.1,0.8,B2 male,0.9375,337.56654366543665,8672
autosome,0.1,0.8,A2B2 male,0.3414437269372694,621.2495778453225,8672
autosome,0.1,0.9,A2 female,0.6608625461254612,552.4041179549816,8672
autosome,0.1,0.9,B2 female,0.9378459409594095,284.7523669002828,8672
autosome,0.1,0.9,A2B2 female,0.6608625461254612,586.0197173268191,8672
autosome,0.1,0.9,A2 male,0.6608625461254612,533.813994067353,8672
autosome,0.1,0.9,B2 male,0.9378459409594095,286.77572851346366,8672
autosome,0.1,0.9,A2B2 male,0.6608625461254612,569.4372709823765,8672
autosome,0.1,1.0,A2 female,0.9387684501845018,236.047905662695,8672
autosome,0.1,1.0,B2 female,0.9387684501845018,255.97346763296892,8672
autosome,0.1,1.0,A2B2 female,0.9387684501845018,288.96830856160176,8672
autosome,0.1,1.0,A2 male,0.9387684501845018,234.40326741186587,8672
autosome,0.1,1.0,B2 male,0.9387684501845018,258.01781107971993,8672
autosome,0.1,1.0,A2B2 male,0.9387684501845018,289.58285222945585,8672
autosome,0.2,0.0,A2 female,0.0,3025.0,8672
autosome,0.2,0.0,B2 female,0.0,3025.0,8672
autosome,0.2,0.0,A2B2 female,0.0,3025.0,8672
autosome,0.2,0.0,A2 male,0.0,3025.0,8672
autosome,0.2,0.0,B2 male,0.0,3025.0,8672
autosome,0.2,0.0,A2B2 male,0.0,3025.0,8672
autosome,0.2,0.1,A2 female,0.0,3025.0,8672
autosome,0.2,0.1,B2 female,0.0959409594095941,2250.237980769231,8672
autosome,0.2,0.1,A2B2 female,0.0,3025.0,8672
autosome,0.2,0.1,A2 male,0.0,3025.0,8672
autosome,0.2,0.1,B2 male,0.0959409594095941,2250.808894230769,8672
autosome,0.2,0.1,A2B2 male,0.0,3025.0,8672
autosome,0.2,0.2,A2 female,0.0,3025.0,8672
autosome,0.2,0.2,B2 female,0.31157749077490776,1542.1691339748334,8672
autosome,0.2,0.2,A2B2 female,0.0,3025.0,8672
autosome,0.2,0.2,A2 male,0.0,3025.0,8672
autosome,0.2,0.2,B2 male,0.3121540590405904,1545.3590690801625,8672
autosome,0.2,0.2,A2B2 male,0.0,3025.0,8672
autosome,0.2,0.3,A2 female,0.0,3025.0,8672
autosome,0.2,0.3,B2 female,0.5355166051660517,1236.938630490956,8672
autosome,0.2,0.3,A2B2 female,0.0,3025.0,8672
autosome,0.2,0.3,A2 male,0.0,3025.0,8672
autosome,0.2,0.3,B2 male,0.5362084870848709,1239.7236559139785,8672
autosome,0.2,0.3,A2B2 male,0.0,3025.0,8672
autosome,0.2,0.4,A2 female,0.0,3025.0,8672
autosome,0.2,0.4,B2 female,0.707679889298893,935.3004725435881,8672
autosome,0.2,0.4,A2B2 female,0.0,3025.0,8672
autosome,0.2,0.4,A2 male,0.0,3025.0,8672
autosome,0.2,0.4,B2 male,0.707679889298893,935.990060290044,8672
autosome,0.2,0.4,A2B2 male,0.0,3025.0,8672
autosome,0.2,0.5,A2 female,0.01107011070110701,1805.2291666666667,8672
autosome,0.2,0.5,B2 female,0.8413284132841329,729.1739309210526,8672
autosome,0.2,0.5,A2B2 female,0.01107011070110701,1820.375,8672
autosome,0.2,0.5,A2 male,0.01107011070110701,1730.7083333333333,8672
autosome,0.2,0.5,B2 male,0.8413284132841329,730.233278508772,8672
autosome,0.2,0.5,A2B2 male,0.01107011070110701,1750.6979166666667,8672
autosome,0.2,0.6,A2 female,0.04797047970479705,954.9206730769231,8672
autosome,0.2,0.6,B2 female,0.9060193726937269,555.6734122438589,8672
autosome,0.2,0.6,A2B2 female,0.04797047970479705,982.75,8672
autosome,0.2,0.6,A2 male,0.04797047970479705,891.3725961538462,8672
autosome,0.2,0.6,B2 male,0.9060193726937269,557.1771668575792,8672
autosome,0.2,0.6,A2B2 male,0.04797047970479705,922.5769230769231,8672
autosome,0.2,0.7,A2 female,0.12915129151291513,746.0839285714286,8672
autosome,0.2,0.7,B2 female,0.934040590405904,433.7901234567901,8672
autosome,0.2,0.7,A2B2 female,0.12915129151291513,782.8508928571429,8672
autosome,0.2,0.7,A2 male,0.12915129151291513,707.7223214285714,8672
autosome,0.2,0.7,B2 male,0.934040590405904,435.58283950617283,8672
autosome,0.2,0.7,A2B2 male,0.12915129151291513,747.2973214285714,8672
autosome,0.2,0.8,A2 female,0.2859778597785978,508.3282258064516,8672
autosome,0.2,0.8,B2 female,0.9373846863468634,338.13740927543364,8672
autosome,0.2,0.8,A2B2 female,0.2859778597785978,543.796370967742,8672
autosome,0.2,0.8,A2 male,0.2859778597785978,488.06774193548387,8672
autosome,0.2,0.8,B2 male,0.9373846863468634,340.09484561446675,8672
autosome,0.2,0.8,A2B2 male,0.2859778597785978,526.0201612903226,8672
autosome,0.2,0.9,A2 female,0.6847324723247232,407.6956887841024,8672
autosome,0.2,0.9,B2 female,0.9375,288.0318573185732,8672
autosome,0.2,0.9,A2B2 female,0.6847324723247232,444.58251936679017,8672
autosome,0.2,0.9,A2 male,0.6847324723247232,399.1202425058942,8672
autosome,0.2,0.9,B2 male,0.9375,290.0580565805658,8672
autosome,0.2,0.9,A2B2 male,0.6847324723247232,438.16116537554734,8672
autosome,0.2,1.0,A2 female,0.9377306273062731,220.14363010329564,8672
autosome,0.2,1.0,B2 female,0.9377306273062731,257.0730447614363,8672
autosome,0.2,1.0,A2B2 female,0.9377306273062731,278.5807919331038,8672
autosome,0.2,1.0,A2 male,0.9377306273062731,218.8235366453517,8672
autosome,0.2,1.0,B2 male,0.9377306273062731,259.118052139695,8672
autosome,0.2,1.0,A2B2 male,0.9377306273062731,279.6015740285293,8672
autosome,0.3,0.0,A2 female,0.0,3025.0,8672
autosome,0.3,0.0,B2 female,0.0,3025.0,8672
autosome,0.3,0.0,A2B2 female,0.0,3025.0,8672
autosome,0.3,0.0,A2 male,0.0,3025.0,8672
autosome,0.3,0.0,B2 male,0.0,3025.0,8672
autosome,0.3,0.0,A2B2 male,0.0,3025.0,8672
autosome,0.3,0.1,A2 female,0.0,3025.0,8672
autosome,0.3,0.1,B2 female,0.09363468634686346,2240.2229064039407,8672
autosome,0.3,0.1,A2B2 female,0.0,3025.0,8672
autosome,0.3,0.1,A2 male,0.0,3025.0,8672
autosome,0.3,0.1,B2 male,0.09363468634686346,2240.9741379310344,8672
autosome,0.3,0.1,A2B2 male,0.0,3025.0,8672
autosome,0.3,0.2,A2 female,0.0,3025.0,8672
autosome,0.3,0.2,B2 female,0.2794049815498155,1496.1774659513,8672
autosome,0.3,0.2,A2B2 female,0.0,3025.0,8672
autosome,0.3,0.2,A2 male,0.0,3025.0,8672
autosome,0.3,0.2,B2 male,0.279520295202952,1497.2198844884488,8672
autosome,0.3,0.2,A2B2 male,0.0,3025.0,8672
autosome,0.3,0.3,A2 female,0.0,3025.0,8672
autosome,0.3,0.3,B2 female,0.4748616236162362,1186.6138902379796,8672
autosome,0.3,0.3,A2B2 female,0.0,3025.0,8672
autosome,0.3,0.3,A2 male,0.0,3025.0,8672
autosome,0.3,0.3,B2 male,0.4752075645756458,1188.5527784518322,8672
autosome,0.3,0.3,A2B2 male,0.0,3025.0,8672
autosome,0.3,0.4,A2 female,0.0,3025.0,8672
autosome,0.3,0.4,B2 female,0.6554428044280443,939.4472202674173,8672
autosome,0.3,0.4,A2B2 female,0.0,3025.0,8672
autosome,0.3,0.4,A2 male,0.0,3025.0,8672
autosome,0.3,0.4,B2 male,0.6554428044280443,940.0665024630542,8672
autosome,0.3,0.4,A2B2 male,0.0,3025.0,8672
autosome,0.3,0.5,A2 female,0.0036900369003690036,998.25,8672
autosome,0.3,0.5,B2 female,0.8024677121771218,737.603247593045,8672
autosome,0.3,0.5,A2B2 female,0.0036900369003690036,1004.28125,8672
autosome,0.3,0.5,A2 male,0.0036900369003690036,945.15625,8672
autosome,0.3,0.5,B2 male,0.8024677121771218,738.5459117689323,8672
autosome,0.3,0.5,A2B2 male,0.0036900369003690036,955.78125,8672
autosome,0.3,0.6,A2 female,0.02952029520295203,1106.9296875,8672
autosome,0.3,0.6,B2 female,0.8903367158671587,558.3871260199456,8672
autosome,0.3,0.6,A2B2 female,0.02952029520295203,1140.01953125,8672
autosome,0.3,0.6,A2 male,0.02952029520295203,1054.62890625,8672
autosome,0.3,0.6,B2 male,0.8903367158671587,559.8384924232612,8672
autosome,0.3,0.6,A2B2 male,0.02952029520295203,1092.75390625,8672
autosome,0.3,0.7,A2 female,0.09040590405904059,703.4477040816327,8672
autosome,0.3,0.7,B2 female,0.9268911439114391,427.86663349091816,8672
autosome,0.3,0.7,A2B2 female,0.09040590405904059,748.1275510204082,8672
autosome,0.3,0.7,A2 male,0.09040590405904059,659.9757653061224,8672
autosome,0.3,0.7,B2 male,0.9268911439114391,429.66459318238367,8672
autosome,0.3,0.7,A2B2 male,0.09040590405904059,708.266581632653,8672
autosome,0.3,0.8,A2 female,0.3413284132841328,591.2432432432432,8672
autosome,0.3,0.8,B2 female,0.9354243542435424,349.82679980276134,8672
autosome,0.3,0.8,A2B2 female,0.3413284132841328,625.7418918918919,8672
autosome,0.3,0.8,A2 male,0.3413284132841328,561.9300675675676,8672
autosome,0.3,0.8,B2 male,0.9354243542435424,351.7852564102564,8672
autosome,0.3,0.8,A2B2 male,0.3413284132841328,598.8344594594595,8672
autosome,0.3,0.9,A2 female,0.7345479704797048,388.649136577708,8672
autosome,0.3,0.9,B2 female,0.9375,292.42447724477245,8672
autosome,0.3,0.9,A2B2 female,0.7345479704797048,427.6417582417582,8672
autosome,0.3,0.9,A2 male,0.7345479704797048,380.6960753532182,8672
autosome,0.3,0.9,B2 male,0.9375,294.45584255842556,8672
autosome,0.3,0.9,A2B2 male,0.7345479704797048,421.9141287284144,8672
autosome,0.3,1.0,A2 female,0.9377306273062731,209.2552877520905,8672
autosome,0.3,1.0,B2 female,0.9377306273062731,259.26893753074273,8672
autosome,0.3,1.0,A2B2 female,0.9377306273062731,273.2624200688638,8672
autosome,0.3,1.0,A2 male,0.9377306273062731,208.18789965568126,8672
autosome,0.3,1.0,B2 male,0.9377306273062731,261.3124692572553,8672
autosome,0.3,1.0,A2B2 male,0.9377306273062731,274.5876783079193,8672
autosome,0.4,0.0,A2 female,0.0,3025.0,8672
autosome,0.4,0.0,B2 female,0.0,3025.0,8672
autosome,0.4,0.0,A2B2 female,0.0,3025.0,8672
autosome,0.4,0.0,A2 male,0.0,3025.0,8672
autosome,0.4,0.0,B2 male,0.0,3025.0,8672
autosome,0.4,0.0,A2B2 male,0.0,3025.0,8672
autosome,0.4,0.1,A2 female,0.0,3025.0,8672
autosome,0.4,0.1,B2 female,0.08671586715867159,2101.0226063829787,8672
autosome,0.4,0.1,A2B2 female,0.0,3025.0,8672
autosome,0.4,0.1,A2 male,0.0,3025.0,8672
autosome,0.4,0.1,B2 male,0.08671586715867159,2102.011968085106,8672
autosome,0.4,0.1,A2B2 male,0.0,3025.0,8672
autosome,0.4,0.2,A2 female,0.0,3025.0,8672
autosome,0.4,0.2,B2 female,0.24976937269372693,1394.7326869806095,8672
autosome,0.4,0.2,A2B2 female,0.0,3025.0,8672
autosome,0.4,0.2,A2 male,0.0,3025.0,8672
autosome,0.4,0.2,B2 male,0.24976937269372693,1395.5032317636196,8672
autosome,0.4,0.2,A2B2 male,0.0,3025.0,8672
autosome,0.4,0.3,A2 female,0.0,3025.0,8672
autosome,0.4,0.3,B2 female,0.44165129151291516,1157.4402088772847,8672
autosome,0.4,0.3,A2B2 female,0.0,3025.0,8672
autosome,0.4,0.3,A2 male,0.0,3025.0,8672
autosome,0.4,0.3,B2 male,0.4418819188191882,1159.1323068893528,8672
autosome,0.4,0.3,A2B2 male,0.0,3025.0,8672
autosome,0.4,0.4,A2 female,0.0,3025.0,8672
autosome,0.4,0.4,B2 female,0.6177352398523985,939.2034720925891,8672
autosome,0.4,0.4,A2B2 female,0.0,3025.0,8672
autosome,0.4,0.4,A2 male,0.0,3025.0,8672
autosome,0.4,0.4,B2 male,0.6180811808118081,940.9951492537314,8672
autosome,0.4,0.4,A2B2 male,0.0,3025.0,8672
autosome,0.4,0.5,A2 female,0.0036900369003690036,1687.4375,8672
autosome,0.4,0.5,B2 female,0.7712177121771218,735.2671949760766,8672
autosome,0.4,0.5,A2B2 female,0.0036900369003690036,1687.4375,8672
autosome,0.4,0.5,A2 male,0.0036900369003690036,1567.0,8672
autosome,0.4,0.5,B2 male,0.7712177121771218,736.2046949760766,8672
autosome,0.4,0.5,A2B2 male,0.0036900369003690036,1567.0,8672
autosome,0.4,0.6,A2 female,0.012915129151291513,967.3928571428571,8672
autosome,0.4,0.6,B2 female,0.8753459409594095,559.4281385851666,8672
autosome,0.4,0.6,A2B2 female,0.012915129151291513,1016.5714285714286,8672
autosome,0.4,0.6,A2 male,0.012915129151291513,912.9553571428571,8672
autosome,0.4,0.6,B2 male,0.8758071955719557,562.1449637919684,8672
autosome,0.4,0.6,A2B2 male,0.012915129151291513,971.8392857142857,8672
autosome,0.4,0.7,A2 female,0.12915129151291513,722.5392857142857,8672
autosome,0.4,0.7,B2 female,0.9193957564575646,452.486015301643,8672
autosome,0.4,0.7,A2B2 female,0.12915129151291513,759.5107142857142,8672
autosome,0.4,0.7,A2 male,0.12915129151291513,684.4857142857143,8672
autosome,0.4,0.7,B2 male,0.9193957564575646,454.23190768844853,8672
autosome,0.4,0.7,A2B2 male,0.12915129151291513,724.3419642857143,8672
autosome,0.4,0.8,A2 female,0.37453874538745385,460.47814039408865,8672
autosome,0.4,0.8,B2 female,0.9294280442804428,353.1714640198511,8672
autosome,0.4,0.8,A2B2 female,0.37453874538745385,496.8971674876847,8672
autosome,0.4,0.8,A2 male,0.37453874538745385,446.2838669950739,8672
autosome,0.4,0.8,B2 male,0.9294280442804428,355.13250620347395,8672
autosome,0.4,0.8,A2B2 male,0.37453874538745385,485.2466133004926,8672
autosome,0.4,0.9,A2 female,0.7821725092250923,373.4903435058234,8672
autosome,0.4,0.9,B2 female,0.9346171586715867,295.1870450339297,8672
autosome,0.4,0.9,A2B2 female,0.7821725092250923,414.9044670499779,8672
autosome,0.4,0.9,A2 male,0.7821725092250923,365.9041721951939,8672
autosome,0.4,0.9,B2 male,0.9346171586715867,297.21875385564465,8672
autosome,0.4,0.9,A2B2 male,0.7821725092250923,409.5972283650302,8672
autosome,0.4,1.0,A2 female,0.9371540590405905,201.43324720068907,8672
autosome,0.4,1.0,B2 female,0.9371540590405905,262.03654485049833,8672
autosome,0.4,1.0,A2B2 female,0.9371540590405905,271.06201550387595,8672
autosome,0.4,1.0,A2 male,0.9371540590405905,200.58397932816538,8672
autosome,0.4,1.0,B2 male,0.9371540590405905,264.07702719330626,8672
autosome,0.4,1.0,A2B2 male,0.9371540590405905,272.6114187276978,8672
autosome,0.5,0.0,A2 female,0.0,3025.0,8672
autosome,0.5,0.0,B2 female,0.0,3025.0,8672
autosome,0.5,0.0,A2B2 female,0.0,3025.0,8672
autosome,0.5,0.0,A2 male,0.0,3025.0,8672
autosome,0.5,0.0,B2 male,0.0,3025.0,8672
autosome,0.5,0.0,A2B2 male,0.0,3025.0,8672
autosome,0.5,0.1,A2 female,0.0,3025.0,8672
autosome,0.5,0.1,B2 female,0.09571033210332103,2098.821686746988,8672
autosome,0.5,0.1,A2B2 female,0.0,3025.0,8672
autosome,0.5,0.1,A2 male,0.0,3025.0,8672
autosome,0.5,0.1,B2 male,0.09617158671586716,2103.9988009592325,8672
autosome,0.5,0.1,A2B2 male,0.0,3025.0,8672
autosome,0.5,0.2,A2 female,0.0,3025.0,8672
autosome,0.5,0.2,B2 female,0.24654059040590406,1371.4705332086062,8672
autosome,0.5,0.2,A2B2 female,0.0,3025.0,8672
autosome,0.5,0.2,A2 male,0.0,3025.0,8672
autosome,0.5,0.2,B2 male,0.24654059040590406,1372.2086061739944,8672
autosome,0.5,0.2,A2B2 male,0.0,3025.0,8672
autosome,0.5,0.3,A2 female,0.0,3025.0,8672
autosome,0.5,0.3,B2 female,0.41628228782287824,1094.273407202216,8672
autosome,0.5,0.3,A2B2 female,0.0,3025.0,8672
autosome,0.5,0.3,A2 male,0.0,3025.0,8672
autosome,0.5,0.3,B2 male,0.41628228782287824,1094.9872576177286,8672
autosome,0.5,0.3,A2B2 male,0.0,3025.0,8672
autosome,0.5,0.4,A2 female,0.0,3025.0,8672
autosome,0.5,0.4,B2 female,0.5849861623616236,900.4403705893949,8672
autosome,0.5,0.4,A2B2 female,0.0,3025.0,8672
autosome,0.5,0.4,A2 male,0.0,3025.0,8672
autosome,0.5,0.4,B2 male,0.5851014760147601,901.5997240835633,8672
autosome,0.5,0.4,A2B2 male,0.0,3025.0,8672
autosome,0.5,0.5,A2 female,0.0,3025.0,8672
autosome,0.5,0.5,B2 female,0.7493081180811808,729.3747306863651,8672
autosome,0.5,0.5,A2B2 female,0.0,3025.0,8672
autosome,0.5,0.5,A2 male,0.0,3025.0,8672
autosome,0.5,0.5,B2 male,0.7493081180811808,730.2976300400123,8672
autosome,0.5,0.5,A2B2 male,0.0,3025.0,8672
autosome,0.5,0.6,A2 female,0.02952029520295203,1080.6171875,8672
autosome,0.5,0.6,B2 female,0.8391374538745388,588.7013879345884,8672
autosome,0.5,0.6,A2B2 female,0.02952029520295203,1113.85546875,8672
autosome,0.5,0.6,A2 male,0.02952029520295203,1028.578125,8672
autosome,0.5,0.6,B2 male,0.8391374538745388,589.9773258210802,8672
autosome,0.5,0.6,A2B2 male,0.02952029520295203,1066.87890625,8672
autosome,0.5,0.7,A2 female,0.16420664206642066,737.5301966292135,8672
autosome,0.5,0.7,B2 female,0.9084409594095941,467.44833714140645,8672
autosome,0.5,0.7,A2B2 female,0.16420664206642066,772.0933988764045,8672
autosome,0.5,0.7,A2 male,0.16420664206642066,698.2787921348314,8672
autosome,0.5,0.7,B2 male,0.9084409594095941,469.15105356689514,8672
autosome,0.5,0.7,A2B2 male,0.16420664206642066,735.563904494382,8672
autosome,0.5,0.8,A2 female,0.4146678966789668,439.41101223581757,8672
autosome,0.5,0.8,B2 female,0.9234317343173432,355.5363386613387,8672
autosome,0.5,0.8,A2B2 female,0.4146678966789668,477.5745272525028,8672
autosome,0.5,0.8,A2 male,0.4146678966789668,421.92686318131257,8672
autosome,0.5,0.8,B2 male,0.9234317343173432,357.5021228771229,8672
autosome,0.5,0.8,A2B2 male,0.4146678966789668,462.7324805339266,8672
autosome,0.5,0.9,A2 female,0.8239160516605166,355.34415675297413,8672
autosome,0.5,0.9,B2 female,0.9312730627306273,298.7703070827142,8672
autosome,0.5,0.9,A2B2 female,0.8239160516605166,399.69069279216234,8672
autosome,0.5,0.9,A2 male,0.8239160516605166,349.1665500349895,8672
autosome,0.5,0.9,B2 male,0.9312730627306273,300.8047300643883,8672
autosome,0.5,0.9,A2B2 male,0.8239160516605166,395.853044086774,8672
autosome,0.5,1.0,A2 female,0.9346171586715867,194.3383096853794,8672
autosome,0.5,1.0,B2 female,0.9346171586715867,263.90438001233804,8672
autosome,0.5,1.0,A2B2 female,0.9346171586715867,269.5904996915484,8672
autosome,0.5,1.0,A2 male,0.9346171586715867,193.6679827267119,8672
autosome,0.5,1.0,B2 male,0.9346171586715867,265.9410240592227,8672
autosome,0.5,1.0,A2B2 male,0.9346171586715867,271.3004318322023,8672
autosome,0.6,0.0,A2 female,0.0,3025.0,8672
autosome,0.6,0.0,B2 female,0.0,3025.0,8672
autosome,0.6,0.0,A2B2 female,0.0,3025.0,8672
autosome,0.6,0.0,A2 male,0.0,3025.0,8672
autosome,0.6,0.0,B2 male,0.0,3025.0,8672
autosome,0.6,0.0,A2B2 male,0.0,3025.0,8672
autosome,0.6,0.1,A2 female,0.0,3025.0,8672
autosome,0.6,0.1,B2 female,0.10781826568265683,2084.964705882353,8672
autosome,0.6,0.1,A2B2 female,0.0,3025.0,8672
autosome,0.6,0.1,A2 male,0.0,3025.0,8672
autosome,0.6,0.1,B2 male,0.10804889298892989,2087.6947705442903,8672
autosome,0.6,0.1,A2B2 male,0.0,3025.0,8672
autosome,0.6,0.2,A2 female,0.0,3025.0,8672
autosome,0.6,0.2,B2 female,0.24169741697416974,1324.0553435114505,8672
autosome,0.6,0.2,A2B2 female,0.0,3025.0,8672
autosome,0.6,0.2,A2 male,0.0,3025.0,8672
autosome,0.6,0.2,B2 male,0.24169741697416974,1324.738072519084,8672
autosome,0.6,0.2,A2B2 male,0.0,3025.0,8672
autosome,0.6,0.3,A2 female,0.0,3025.0,8672
autosome,0.6,0.3,B2 female,0.402559963099631,1064.8393010598681,8672
autosome,0.6,0.3,A2B2 female,0.0,3025.0,8672
autosome,0.6,0.3,A2 male,0.0,3025.0,8672
autosome,0.6,0.3,B2 male,0.402559963099631,1065.5949584646232,8672
autosome,0.6,0.3,A2B2 male,0.0,3025.0,8672
autosome,0.6,0.4,A2 female,0.0,3025.0,8672
autosome,0.6,0.4,B2 female,0.5706872693726938,896.6651848858355,8672
autosome,0.6,0.4,A2B2 female,0.0,3025.0,8672
autosome,0.6,0.4,A2 male,0.0,3025.0,8672
autosome,0.6,0.4,B2 male,0.5706872693726938,897.4770660739543,8672
autosome,0.6,0.4,A2B2 male,0.0,3025.0,8672
autosome,0.6,0.5,A2 female,0.0036900369003690036,1659.9375,8672
autosome,0.6,0.5,B2 female,0.6876153136531366,778.9562300855274,8672
autosome,0.6,0.5,A2B2 female,0.0036900369003690036,1659.9375,8672
autosome,0.6,0.5,A2 male,0.0036900369003690036,1540.25,8672
autosome,0.6,0.5,B2 male,0.6876153136531366,779.818380010062,8672
autosome,0.6,0.5,A2B2 male,0.0036900369003690036,1540.28125,8672
autosome,0.6,0.6,A2 female,0.04797047970479705,903.6177884615385,8672
autosome,0.6,0.6,B2 female,0.8097324723247232,624.2869552833951,8672
autosome,0.6,0.6,A2B2 female,0.04797047970479705,931.6201923076923,8672
autosome,0.6,0.6,A2 male,0.04797047970479705,841.1610576923077,8672
autosome,0.6,0.6,B2 male,0.8097324723247232,625.4974366277414,8672
autosome,0.6,0.6,A2B2 male,0.04797047970479705,872.6370192307693,8672
autosome,0.6,0.7,A2 female,0.19557195571955718,587.0689858490566,8672
autosome,0.6,0.7,B2 female,0.8980627306273062,477.00256805341553,8672
autosome,0.6,0.7,A2B2 female,0.19557195571955718,621.8295990566038,8672
autosome,0.6,0.7,A2 male,0.19557195571955718,551.0943396226415,8672
autosome,0.6,0.7,B2 male,0.8980627306273062,478.7064714946071,8672
autosome,0.6,0.7,A2B2 male,0.19557195571955718,588.6426886792453,8672
autosome,0.6,0.8,A2 female,0.45940959409594095,431.5153112449799,8672
autosome,0.6,0.8,B2 female,0.9160516605166051,353.8342145015106,8672
autosome,0.6,0.8,A2B2 female,0.45940959409594095,471.5577309236948,8672
autosome,0.6,0.8,A2 male,0.45940959409594095,419.2136044176707,8672
autosome,0.6,0.8,B2 male,0.9160516605166051,355.81004531722056,8672
autosome,0.6,0.8,A2B2 male,0.45940959409594095,461.9912148594378,8672
autosome,0.6,0.9,A2 female,0.8514760147601476,327.50799024918746,8672
autosome,0.6,0.9,B2 female,0.9258533210332104,297.4669323701582,8672
autosome,0.6,0.9,A2B2 female,0.8514760147601476,375.73496749729145,8672
autosome,0.6,0.9,A2 male,0.8514760147601476,322.78128385698807,8672
autosome,0.6,0.9,B2 male,0.9258533210332104,299.5076597334662,8672
autosome,0.6,0.9,A2B2 male,0.8514760147601476,373.4378385698808,8672
autosome,0.6,1.0,A2 female,0.9316190036900369,188.3845772991707,8672
autosome,0.6,1.0,B2 female,0.9316190036900369,265.5515534100755,8672
autosome,0.6,1.0,A2B2 female,0.9316190036900369,269.07958905805174,8672
autosome,0.6,1.0,A2 male,0.9316190036900369,187.86693897759625,8672
autosome,0.6,1.0,B2 male,0.9316190036900369,267.5966084911499,8672
autosome,0.6,1.0,A2B2 male,0.9316190036900369,270.91038494863227,8672
autosome,0.7,0.0,A2 female,0.0,3025.0,8672
autosome,0.7,0.0,B2 female,0.0,3025.0,8672
autosome,0.7,0.0,A2B2 female,0.0,3025.0,8672
autosome,0.7,0.0,A2 male,0.0,3025.0,8672
autosome,0.7,0.0,B2 male,0.0,3025.0,8672
autosome,0.7,0.0,A2B2 male,0.0,3025.0,8672
autosome,0.7,0.1,A2 female,0.0,3025.0,8672
autosome,0.7,0.1,B2 female,0.10851014760147601,1972.1052072263549,8672
autosome,0.7,0.1,A2B2 female,0.0,3025.0,8672
autosome,0.7,0.1,A2 male,0.0,3025.0,8672
autosome,0.7,0.1,B2 male,0.10851014760147601,1972.9989373007438,8672
autosome,0.7,0.1,A2B2 male,0.0,3025.0,8672
autosome,0.7,0.2,A2 female,0.0,3025.0,8672
autosome,0.7,0.2,B2 female,0.24112084870848707,1298.998087039694,8672
autosome,0.7,0.2,A2B2 female,0.0,3025.0,8672
autosome,0.7,0.2,A2 male,0.0,3025.0,8672
autosome,0.7,0.2,B2 male,0.24112084870848707,1299.7015781922526,8672
autosome,0.7,0.2,A2B2 male,0.0,3025.0,8672
autosome,0.7,0.3,A2 female,0.0,3025.0,8672
autosome,0.7,0.3,B2 female,0.39425738007380073,1063.609242468558,8672
autosome,0.7,0.3,A2B2 female,0.0,3025.0,8672
autosome,0.7,0.3,A2 male,0.0,3025.0,8672
autosome,0.7,0.3,B2 male,0.39425738007380073,1064.3269961977187,8672
autosome,0.7,0.3,A2B2 male,0.0,3025.0,8672
autosome,0.7,0.4,A2 female,0.0,3025.0,8672
autosome,0.7,0.4,B2 female,0.4955027675276753,934.4549685827321,8672
autosome,0.7,0.4,A2B2 female,0.0,3025.0,8672
autosome,0.7,0.4,A2 male,0.0,3025.0,8672
autosome,0.7,0.4,B2 male,0.4959640221402214,937.1722855149965,8672
autosome,0.7,0.4,A2B2 male,0.0,3025.0,8672
autosome,0.7,0.5,A2 female,0.0036900369003690036,985.03125,8672
autosome,0.7,0.5,B2 female,0.6321494464944649,811.987413352791,8672
autosome,0.7,0.5,A2B2 female,0.0036900369003690036,992.28125,8672
autosome,0.7,0.5,A2 male,0.0036900369003690036,932.34375,8672
autosome,0.7,0.5,B2 male,0.6321494464944649,812.7683327252828,8672
autosome,0.7,0.5,A2B2 male,0.0036900369003690036,944.75,8672
autosome,0.7,0.6,A2 female,0.05904059040590406,684.5078125,8672
autosome,0.7,0.6,B2 female,0.7769833948339483,643.419857524488,8672
autosome,0.7,0.6,A2B2 female,0.05904059040590406,714.5546875,8672
autosome,0.7,0.6,A2 male,0.05904059040590406,651.576171875,8672
autosome,0.7,0.6,B2 male,0.7769833948339483,644.6031463342238,8672
autosome,0.7,0.6,A2B2 male,0.05904059040590406,685.072265625,8672
autosome,0.7,0.7,A2 female,0.24169741697416974,630.287213740458,8672
autosome,0.7,0.7,B2 female,0.891489852398524,486.00452722804295,8672
autosome,0.7,0.7,A2B2 female,0.24169741697416974,664.2232824427481,8672
autosome,0.7,0.7,A2 male,0.24169741697416974,603.3506679389313,8672
autosome,0.7,0.7,B2 male,0.891489852398524,487.68775061440954,8672
autosome,0.7,0.7,A2B2 male,0.24169741697416974,640.0281488549618,8672
autosome,0.7,0.8,A2 female,0.4933118081180812,407.3917718560075,8672
autosome,0.7,0.8,B2 female,0.9107472324723247,352.36275006330715,8672
autosome,0.7,0.8,A2B2 female,0.4933118081180812,450.53576437587657,8672
autosome,0.7,0.8,A2 male,0.4933118081180812,396.3899018232819,8672
autosome,0.7,0.8,B2 male,0.9107472324723247,354.3473031147126,8672
autosome,0.7,0.8,A2B2 male,0.4933118081180812,442.3424497428705,8672
autosome,0.7,0.9,A2 female,0.8809963099630996,319.21832460732986,8672
autosome,0.7,0.9,B2 female,0.9204335793357934,298.00363317464297,8672
autosome,0.7,0.9,A2B2 female,0.8809963099630996,371.2717277486911,8672
autosome,0.7,0.9,A2 male,0.8809963099630996,315.3479057591623,8672
autosome,0.7,0.9,B2 male,0.9204335793357934,300.0412177399148,8672
autosome,0.7,0.9,A2B2 male,0.8809963099630996,369.8784031413613,8672
autosome,0.7,1.0,A2 female,0.9270064575645757,181.4542853588755,8672
autosome,0.7,1.0,B2 female,0.9270064575645757,265.26135091429285,8672
autosome,0.7,1.0,A2B2 female,0.9270064575645757,267.404527926359,8672
autosome,0.7,1.0,A2 male,0.9270064575645757,181.07015797984823,8672
autosome,0.7,1.0,B2 male,0.9270064575645757,267.30227640253764,8672
autosome,0.7,1.0,A2B2 male,0.9270064575645757,269.31732802587385,8672
autosome,0.8,0.0,A2 female,0.0,3025.0,8672
autosome,0.8,0.0,B2 female,0.0,3025.0,8672
autosome,0.8,0.0,A2B2 female,0.0,3025.0,8672
autosome,0.8,0.0,A2 male,0.0,3025.0,8672
autosome,0.8,0.0,B2 male,0.0,3025.0,8672
autosome,0.8,0.0,A2B2 male,0.0,3025.0,8672
autosome,0.8,0.1,A2 female,0.0,3025.0,8672
autosome,0.8,0.1,B2 female,0.1088560885608856,1873.2860169491526,8672
autosome,0.8,0.1,A2B2 female,0.0,3025.0,8672
autosome,0.8,0.1,A2 male,0.0,3025.0,8672
autosome,0.8,0.1,B2 male,0.1088560885608856,1874.239406779661,8672
autosome,0.8,0.1,A2B2 male,0.0,3025.0,8672
autosome,0.8,0.2,A2 female,0.0,3025.0,8672
autosome,0.8,0.2,B2 female,0.24112084870848707,1274.169775227164,8672
autosome,0.8,0.2,A2B2 female,0.0,3025.0,8672
autosome,0.8,0.2,A2 male,0.0,3025.0,8672
autosome,0.8,0.2,B2 male,0.24112084870848707,1274.879961740794,8672
autosome,0.8,0.2,A2B2 male,0.0,3025.0,8672
autosome,0.8,0.3,A2 female,0.0,3025.0,8672
autosome,0.8,0.3,B2 female,0.3220710332103321,1141.1915503043322,8672
autosome,0.8,0.3,A2B2 female,0.0,3025.0,8672
autosome,0.8,0.3,A2 male,0.0,3025.0,8672
autosome,0.8,0.3,B2 male,0.3220710332103321,1141.8206229860366,8672
autosome,0.8,0.3,A2B2 male,0.0,3025.0,8672
autosome,0.8,0.4,A2 female,0.0,3025.0,8672
autosome,0.8,0.4,B2 female,0.4401522140221402,990.0039297877914,8672
autosome,0.8,0.4,A2B2 female,0.0,3025.0,8672
autosome,0.8,0.4,A2 male,0.0,3025.0,8672
autosome,0.8,0.4,B2 male,0.4401522140221402,990.7186271941315,8672
autosome,0.8,0.4,A2B2 male,0.0,3025.0,8672
autosome,0.8,0.5,A2 female,0.01107011070110701,1617.1875,8672
autosome,0.8,0.5,B2 female,0.5776060885608856,822.5629866240766,8672
autosome,0.8,0.5,A2B2 female,0.01107011070110701,1633.4583333333333,8672
autosome,0.8,0.5,A2 male,0.01107011070110701,1544.0104166666667,8672
autosome,0.8,0.5,B2 male,0.5777214022140221,823.902994011976,8672
autosome,0.8,0.5,A2B2 male,0.01107011070110701,1565.1979166666667,8672
autosome,0.8,0.6,A2 female,0.08302583025830258,818.7472222222223,8672
autosome,0.8,0.6,B2 female,0.7529981549815498,665.8626339969372,8672
autosome,0.8,0.6,A2B2 female,0.08302583025830258,848.3,8672
autosome,0.8,0.6,A2 male,0.08302583025830258,760.9833333333333,8672
autosome,0.8,0.6,B2 male,0.7529981549815498,667.0338437978561,8672
autosome,0.8,0.6,A2B2 male,0.08302583025830258,794.2458333333333,8672
autosome,0.8,0.7,A2 female,0.2767527675276753,536.6620833333334,8672
autosome,0.8,0.7,B2 female,0.8864160516605166,492.25640692077536,8672
autosome,0.8,0.7,A2B2 female,0.2767527675276753,572.34875,8672
autosome,0.8,0.7,A2 male,0.2767527675276753,513.4775,8672
autosome,0.8,0.7,B2 male,0.8864160516605166,493.9642253154677,8672
autosome,0.8,0.7,A2B2 male,0.2767527675276753,552.0691666666667,8672
autosome,0.8,0.8,A2 female,0.5369003690036901,421.7701890034364,8672
autosome,0.8,0.8,B2 female,0.9078643911439115,354.0779880604598,8672
autosome,0.8,0.8,A2B2 female,0.5369003690036901,467.18470790378007,8672
autosome,0.8,0.8,A2 male,0.5369003690036901,408.9518900343643,8672
autosome,0.8,0.8,B2 male,0.9078643911439115,356.0666836021847,8672
autosome,0.8,0.8,A2B2 male,0.5369003690036901,457.1720360824742,8672
autosome,0.8,0.9,A2 female,0.9044049815498155,308.5854902460793,8672
autosome,0.8,0.9,B2 female,0.915590405904059,296.6681360201511,8672
autosome,0.8,0.9,A2B2 female,0.9044049815498155,364.8602575545072,8672
autosome,0.8,0.9,A2 male,0.9044049815498155,305.44804284074974,8672
autosome,0.8,0.9,B2 male,0.915590405904059,298.70780856423175,8672
autosome,0.8,0.9,A2B2 male,0.9044049815498155,364.2080836414637,8672
autosome,0.8,1.0,A2 female,0.9234317343173432,177.54133366633366,8672
autosome,0.8,1.0,B2 female,0.9234317343173432,266.998001998002,8672
autosome,0.8,1.0,A2B2 female,0.9234317343173432,268.30257242757244,8672
autosome,0.8,1.0,A2 male,0.9234317343173432,177.26573426573427,8672
autosome,0.8,1.0,B2 male,0.9234317343173432,269.04483016983016,8672
autosome,0.8,1.0,A2B2 male,0.9234317343173432,270.26573426573424,8672
autosome,0.9,0.0,A2 female,0.0,3025.0,8672
autosome,0.9,0.0,B2 female,0.006572878228782288,2956.754385964912,8672
autosome,0.9,0.0,A2B2 female,0.0,3025.0,8672
autosome,0.9,0.0,A2 male,0.0,3025.0,8672
autosome,0.9,0.0,B2 male,0.006572878228782288,2959.0175438596493,8672
autosome,0.9,0.0,A2B2 male,0.0,3025.0,8672
autosome,0.9,0.1,A2 female,0.0,3025.0,8672
autosome,0.9,0.1,B2 female,0.11081642066420665,1816.7825182101976,8672
autosome,0.9,0.1,A2B2 female,0.0,3025.0,8672
autosome,0.9,0.1,A2 male,0.0,3025.0,8672
autosome,0.9,0.1,B2 male,0.11081642066420665,1817.8199791883455,8672
autosome,0.9,0.1,A2B2 male,0.0,3025.0,8672
autosome,0.9,0.2,A2 female,0.0,3025.0,8672
autosome,0.9,0.2,B2 female,0.17885147601476015,1486.9181173436493,8672
autosome,0.9,0.2,A2B2 female,0.0,3025.0,8672
autosome,0.9,0.2,A2 male,0.0,3025.0,8672
autosome,0.9,0.2,B2 male,0.17781365313653136,1478.488326848249,8672
autosome,0.9,0.2,A2B2 male,0.0,3025.0,8672
autosome,0.9,0.3,A2 female,0.0,3025.0,8672
autosome,0.9,0.3,B2 female,0.26372232472324725,1222.3817227809357,8672
autosome,0.9,0.3,A2B2 female,0.0,3025.0,8672
autosome,0.9,0.3,A2 male,0.0,3025.0,8672
autosome,0.9,0.3,B2 male,0.26372232472324725,1223.0056843025798,8672
autosome,0.9,0.3,A2B2 male,0.0,3025.0,8672
autosome,0.9,0.4,A2 female,0.0,3025.0,8672
autosome,0.9,0.4,B2 female,0.3952952029520295,1059.8124270711785,8672
autosome,0.9,0.4,A2B2 female,0.0,3025.0,8672
autosome,0.9,0.4,A2 male,0.0,3025.0,8672
autosome,0.9,0.4,B2 male,0.39552583025830257,1061.5314868804664,8672
autosome,0.9,0.4,A2B2 male,0.0,3025.0,8672
autosome,0.9,0.5,A2 female,0.014760147601476014,882.25,8672
autosome,0.9,0.5,B2 female,0.5400138376383764,833.5297885970532,8672
autosome,0.9,0.5,A2B2 female,0.014760147601476014,908.0859375,8672
autosome,0.9,0.5,A2 male,0.014760147601476014,838.8125,8672
autosome,0.9,0.5,B2 male,0.5400138376383764,834.4693572496263,8672
autosome,0.9,0.5,A2B2 male,0.014760147601476014,869.109375,8672
autosome,0.9,0.6,A2 female,0.10781826568265683,594.9026737967914,8672
autosome,0.9,0.6,B2 female,0.7331642066420664,680.6775715633847,8672
autosome,0.9,0.6,A2B2 female,0.10781826568265683,627.0224598930481,8672
autosome,0.9,0.6,A2 male,0.10781826568265683,570.4994652406417,8672
autosome,0.9,0.6,B2 male,0.7331642066420664,681.8837684806543,8672
autosome,0.9,0.6,A2B2 male,0.10781826568265683,606.4331550802139,8672
autosome,0.9,0.7,A2 female,0.2937038745387454,405.5213977228112,8672
autosome,0.9,0.7,B2 female,0.8819188191881919,497.7680439330544,8672
autosome,0.9,0.7,A2B2 female,0.2937038745387454,445.67608951707894,8672
autosome,0.9,0.7,A2 male,0.29935424354243545,442.1413713405239,8672
autosome,0.9,0.7,B2 male,0.8819188191881919,499.49660041841,8672
autosome,0.9,0.7,A2B2 male,0.29935424354243545,484.61787365177196,8672
autosome,0.9,0.8,A2 female,0.557080258302583,378.9436969571517,8672
autosome,0.9,0.8,B2 female,0.9041743542435424,352.09348297411043,8672
autosome,0.9,0.8,A2B2 female,0.557080258302583,428.7422893810805,8672
autosome,0.9,0.8,A2 male,0.5571955719557196,371.0854718543046,8672
autosome,0.9,0.8,B2 male,0.9041743542435424,354.09105981379923,8672
autosome,0.9,0.8,A2B2 male,0.5571955719557196,423.8046357615894,8672
autosome,0.9,0.9,A2 female,0.9106319188191881,281.8337343294922,8672
autosome,0.9,0.9,B2 female,0.9114391143911439,295.50290991902835,8672
autosome,0.9,0.9,A2B2 female,0.9106319188191881,343.38293022666835,8672
autosome,0.9,0.9,A2 male,0.9106319188191881,279.5759149043941,8672
autosome,0.9,0.9,B2 male,0.9114391143911439,297.5436487854251,8672
autosome,0.9,0.9,A2B2 male,0.9106319188191881,343.6499936684817,8672
autosome,0.9,1.0,A2 female,0.9196263837638377,172.5194984326019,8672
autosome,0.9,1.0,B2 female,0.9196263837638377,266.98282131661443,8672
autosome,0.9,1.0,A2B2 female,0.9196263837638377,267.76614420062697,8672
autosome,0.9,1.0,A2 male,0.9196263837638377,172.3452037617555,8672
autosome,0.9,1.0,B2 male,0.9196263837638377,269.0257053291536,8672
autosome,0.9,1.0,A2B2 male,0.9196263837638377,269.7571159874608,8672
autosome,1.0,0.0,A2 female,0.0,3025.0,8672
autosome,1.0,0.0,B2 female,0.014644833948339483,2782.8582677165355,8672
autosome,1.0,0.0,A2B2 female,0.0,3025.0,8672
autosome,1.0,0.0,A2 male,0.0,3025.0,8672
autosome,1.0,0.0,B2 male,0.014644833948339483,2784.488188976378,8672
autosome,1.0,0.0,A2B2 male,0.0,3025.0,8672
autosome,1.0,0.1,A2 female,0.0,3025.0,8672
autosome,1.0,0.1,B2 female,0.04428044280442804,2253.1796875,8672
autosome,1.0,0.1,A2B2 female,0.0,3025.0,8672
autosome,1.0,0.1,A2 male,0.0,3025.0,8672
autosome,1.0,0.1,B2 male,0.04428044280442804,2253.7473958333335,8672
autosome,1.0,0.1,A2B2 male,0.0,3025.0,8672
autosome,1.0,0.2,A2 female,0.0,3025.0,8672
autosome,1.0,0.2,B2 female,0.11196955719557196,1647.2863027806386,8672
autosome,1.0,0.2,A2B2 female,0.0,3025.0,8672
autosome,1.0,0.2,A2 male,0.0,3025.0,8672
autosome,1.0,0.2,B2 male,0.11196955719557196,1647.722966014418,8672
autosome,1.0,0.2,A2B2 male,0.0,3025.0,8672
autosome,1.0,0.3,A2 female,0.0,3025.0,8672
autosome,1.0,0.3,B2 female,0.2180581180811808,1367.8064516129032,8672
autosome,1.0,0.3,A2B2 female,0.0,3025.0,8672
autosome,1.0,0.3,A2 male,0.0,3025.0,8672
autosome,1.0,0.3,B2 male,0.2180581180811808,1368.1036488630355,8672
autosome,1.0,0.3,A2B2 male,0.0,3025.0,8672
autosome,1.0,0.4,A2 female,0.0,3025.0,8672
autosome,1.0,0.4,B2 female,0.34363468634686345,1052.7197986577182,8672
autosome,1.0,0.4,A2B2 female,0.0,3025.0,8672
autosome,1.0,0.4,A2 male,0.0,3025.0,8672
autosome,1.0,0.4,B2 male,0.34363468634686345,1053.4040268456376,8672
autosome,1.0,0.4,A2B2 male,0.0,3025.0,8672
autosome,1.0,0.5,A2 female,0.027675276752767528,1279.2,8672
autosome,1.0,0.5,B2 female,0.5166051660516605,862.8975446428572,8672
autosome,1.0,0.5,A2B2 female,0.027675276752767528,1300.6166666666666,8672
autosome,1.0,0.5,A2 male,0.03136531365313653,1406.547794117647,8672
autosome,1.0,0.5,B2 male,0.5168357933579336,864.8351182507809,8672
autosome,1.0,0.5,A2B2 male,0.03136531365313653,1428.1985294117646,8672
autosome,1.0,0.6,A2 female,0.1371079335793358,604.8965517241379,8672
autosome,1.0,0.6,B2 female,0.7175968634686347,690.9765386469549,8672
autosome,1.0,0.6,A2B2 female,0.1371079335793358,638.7838519764508,8672
autosome,1.0,0.6,A2 male,0.1371079335793358,577.9882253994954,8672
autosome,1.0,0.6,B2 male,0.7175968634686347,692.2021533022657,8672
autosome,1.0,0.6,A2B2 male,0.1371079335793358,615.4852817493692,8672
autosome,1.0,0.7,A2 female,0.3356780442804428,424.8660254208176,8672
autosome,1.0,0.7,B2 female,0.8758071955719557,494.6377880184332,8672
autosome,1.0,0.7,A2B2 female,0.3356780442804428,466.5386465132257,8672
autosome,1.0,0.7,A2 male,0.34490313653136534,479.9144098963557,8672
autosome,1.0,0.7,B2 male,0.8758071955719557,496.3687952600395,8672
autosome,1.0,0.7,A2B2 male,0.34490313653136534,523.5486459378135,8672
autosome,1.0,0.8,A2 female,0.5724169741697417,352.16478646253023,8672
autosome,1.0,0.8,B2 female,0.9005996309963099,350.78156209987196,8672
autosome,1.0,0.8,A2B2 female,0.5724169741697417,406.9695809830782,8672
autosome,1.0,0.8,A2 male,0.5724169741697417,344.798549556809,8672
autosome,1.0,0.8,B2 male,0.9005996309963099,352.79052496798977,8672
autosome,1.0,0.8,A2B2 male,0.5724169741697417,402.62550362610796,8672
autosome,1.0,0.9,A2 female,0.9086715867158671,256.9403553299492,8672
autosome,1.0,0.9,B2 female,0.9086715867158671,295.29111675126904,8672
autosome,1.0,0.9,A2B2 female,0.9086715867158671,324.38134517766497,8672
autosome,1.0,0.9,A2 male,0.9086715867158671,255.22005076142133,8672
autosome,1.0,0.9,B2 male,0.9086715867158671,297.32842639593906,8672
autosome,1.0,0.9,A2B2 male,0.9086715867158671,325.2269035532995,8672
autosome,1.0,1.0,A2 female,0.9158210332103321,166.92634097204734,8672
autosome,1.0,1.0,B2 female,0.9158210332103321,265.797783933518,8672
autosome,1.0,1.0,A2B2 female,0.9158210332103321,266.25598086124404,8672
autosome,1.0,1.0,A2 male,0.9158210332103321,166.84059430873836,8672
autosome,1.0,1.0,B2 male,0.9158210332103321,267.83769831276754,8672
autosome,1.0,1.0,A2B2 male,0.9158210332103321,268.26668345504913,8672
X,0.0,0.0,A2 female,0.004665629860031105,194.33333333333334,2572
X,0.0,0.0,B2 female,0.0,3025.0,2572
X,0.0,0.0,A2B2 female,0.0,3025.0,2572
X,0.0,0.0,A2 male,0.05443234836702955,7.4,2572
X,0.0,0.0,B2 male,0.0,3025.0,2572
X,0.0,0.0,A2B2 male,0.0,3025.0,2572
X,0.0,0.1,A2 female,0.01866251944012442,271.75,2572
X,0.0,0.1,B2 female,0.7783825816485226,1044.328171828172,2572
X,0.0,0.1,A2B2 female,0.01866251944012442,622.0,2572
X,0.0,0.1,A2 male,0.06998444790046657,64.68888888888888,2572
X,0.0,0.1,B2 male,0.7791601866251944,1045.1117764471057,2572
X,0.0,0.1,A2B2 male,0.06998444790046657,396.65555555555557,2572
X,0.0,0.2,A2 female,0.08242612752721618,590.6415094339623,2572
X,0.0,0.2,B2 female,0.9020217729393468,661.7668103448276,2572
X,0.0,0.2,A2B2 female,0.08242612752721618,715.8254716981132,2572
X,0.0,0.2,A2 male,0.13063763608087092,323.4107142857143,2572
X,0.0,0.2,B2 male,0.9020217729393468,660.9741379310345,2572
X,0.0,0.2,A2B2 male,0.13063763608087092,473.1577380952381,2572
X,0.0,0.3,A2 female,0.20684292379471228,331.7161654135338,2572
X,0.0,0.3,B2 female,0.937791601866252,457.4145936981758,2572
X,0.0,0.3,A2B2 female,0.20684292379471228,403.0263157894737,2572
X,0.0,0.3,A2 male,0.25038880248833595,238.8913043478261,2572
X,0.0,0.3,B2 male,0.937791601866252,457.00456053067995,2572
X,0.0,0.3,A2B2 male,0.25038880248833595,326.6335403726708,2572
X,0.0,0.4,A2 female,0.39968895800933124,198.67509727626458,2572
X,0.0,0.4,B2 female,0.947900466562986,323.0631665299426,2572
X,0.0,0.4,A2B2 female,0.39968895800933124,247.94357976653697,2572
X,0.0,0.4,A2 male,0.4307931570762053,164.76714801444044,2572
X,0.0,0.4,B2 male,0.947900466562986,323.1181296144381,2572
X,0.0,0.4,A2B2 male,0.4307931570762053,225.09205776173286,2572
X,0.0,0.5,A2 female,0.6551321928460342,179.113353115727,2572
X,0.0,0.5,B2 female,0.9599533437013997,257.49129202106116,2572
X,0.0,0.5,A2B2 female,0.6551321928460342,219.14243323442136,2572
X,0.0,0.5,A2 male,0.6551321928460342,151.79109792284868,2572
X,0.0,0.5,B2 male,0.9599533437013997,257.9894694208181,2572
X,0.0,0.5,A2B2 male,0.6551321928460342,202.44094955489615,2572
X,0.0,0.6,A2 female,0.8106531881804043,145.19760191846524,2572
X,0.0,0.6,B2 female,0.9657853810264385,206.76771336553946,2572
X,0.0,0.6,A2B2 female,0.8106531881804043,191.25755395683453,2572
X,0.0,0.6,A2 male,0.8106531881804043,127.73285371702637,2572
X,0.0,0.6,B2 male,0.9657853810264385,207.53099838969405,2572
X,0.0,0.6,A2B2 male,0.8106531881804043,181.43309352517986,2572
X,0.0,0.7,A2 female,0.8996889580093312,109.30121002592912,2572
X,0.0,0.7,B2 female,0.9692846034214619,173.58323305254714,2572
X,0.0,0.7,A2B2 female,0.8996889580093312,157.5514261019879,2572
X,0.0,0.7,A2 male,0.9043545878693624,115.88435081685297,2572
X,0.0,0.7,B2 male,0.9692846034214619,174.4857601283594,2572
X,0.0,0.7,A2B2 male,0.9043545878693624,170.06663800515906,2572
X,0.0,0.8,A2 female,0.9545101088646968,103.07739307535641,2572
X,0.0,0.8,B2 female,0.9723950233281493,151.84646141543382,2572
X,0.0,0.8,A2B2 female,0.9545101088646968,153.02892057026477,2572
X,0.0,0.8,A2 male,0.9545101088646968,97.27942973523422,2572
X,0.0,0.8,B2 male,0.9723950233281493,152.81167532986805,2572
X,0.0,0.8,A2B2 male,0.9545101088646968,152.37311608961303,2572
X,0.0,0.9,A2 female,0.9747278382581649,90.9553250897487,2572
X,0.0,0.9,B2 female,0.9758942457231726,140.23187250996017,2572
X,0.0,0.9,A2B2 female,0.9747278382581649,142.78779417630633,2572
X,0.0,0.9,A2 male,0.9747278382581649,86.93737534902273,2572
X,0.0,0.9,B2 male,0.9758942457231726,141.21752988047808,2572
X,0.0,0.9,A2B2 male,0.9747278382581649,143.22656561627443,2572
X,0.0,1.0,A2 female,0.9778382581648523,77.47594433399603,2572
X,0.0,1.0,B2 female,0.9778382581648523,129.6727634194831,2572
X,0.0,1.0,A2B2 female,0.9778382581648523,130.73161033797217,2572
X,0.0,1.0,A2 male,0.9778382581648523,74.28747514910536,2572
X,0.0,1.0,B2 male,0.9778382581648523,130.6671968190855,2572
X,0.0,1.0,A2B2 male,0.9778382581648523,131.50178926441353,2572
X,0.1,0.0,A2 female,0.004665629860031105,204.91666666666666,2572
X,0.1,0.0,B2 female,0.13958009331259721,1561.7353760445683,2572
X,0.1,0.0,A2B2 female,0.0,3025.0,2572
X,0.1,0.0,A2 male,0.05443234836702955,7.728571428571429,2572
X,0.1,0.0,B2 male,0.13958009331259721,1565.300835654596,2572
X,0.1,0.0,A2B2 male,0.041601866251944015,1314.0467289719627,2572
X,0.1,0.1,A2 female,0.015552099533437015,352.6,2572
X,0.1,0.1,B2 female,0.5999222395023328,823.5787427090085,2572
X,0.1,0.1,A2B2 female,0.015552099533437015,717.175,2572
X,0.1,0.1,A2 male,0.06531881804043546,53.660714285714285,2572
X,0.1,0.1,B2 male,0.5999222395023328,822.2475696694751,2572
X,0.1,0.1,A2B2 male,0.06531881804043546,353.42261904761904,2572
X,0.1,0.2,A2 female,0.041990668740279936,354.6666666666667,2572
X,0.1,0.2,B2 female,0.7647744945567652,552.174885612608,2572
X,0.1,0.2,A2B2 female,0.041990668740279936,554.4166666666666,2572
X,0.1,0.2,A2 male,0.09175738724727839,138.28813559322035,2572
X,0.1,0.2,B2 male,0.7647744945567652,551.1062531774276,2572
X,0.1,0.2,A2B2 male,0.09175738724727839,321.79661016949154,2572
X,0.1,0.3,A2 female,0.16018662519440124,437.68446601941747,2572
X,0.1,0.3,B2 female,0.8503110419906688,404.46730681298584,2572
X,0.1,0.3,A2B2 female,0.16018662519440124,520.5800970873786,2572
X,0.1,0.3,A2 male,0.2161741835147745,402.3543165467626,2572
X,0.1,0.3,B2 male,0.8506998444790047,405.0237659963437,2572
X,0.1,0.3,A2B2 male,0.2161741835147745,494.59712230215825,2572
X,0.1,0.4,A2 female,0.374805598755832,309.902489626556,2572
X,0.1,0.4,B2 female,0.895412130637636,296.70386452453323,2572
X,0.1,0.4,A2B2 female,0.374805598755832,358.61099585062243,2572
X,0.1,0.4,A2 male,0.39968895800933124,215.47081712062257,2572
X,0.1,0.4,B2 male,0.895800933125972,297.80164930555554,2572
X,0.1,0.4,A2B2 male,0.39968895800933124,276.20622568093387,2572
X,0.1,0.5,A2 female,0.6174183514774495,186.15554156171285,2572
X,0.1,0.5,B2 female,0.9226283048211509,228.24188790560473,2572
X,0.1,0.5,A2B2 female,0.6174183514774495,224.04534005037783,2572
X,0.1,0.5,A2 male,0.6174183514774495,161.73362720403023,2572
X,0.1,0.5,B2 male,0.9226283048211509,228.65865992414666,2572
X,0.1,0.5,A2B2 male,0.6174183514774495,210.06234256926953,2572
X,0.1,0.6,A2 female,0.7842146189735615,141.7302925136341,2572
X,0.1,0.6,B2 female,0.9447900466562986,196.1238683127572,2572
X,0.1,0.6,A2B2 female,0.7842146189735615,186.57659890927118,2572
X,0.1,0.6,A2 male,0.7842146189735615,124.70153693604362,2572
X,0.1,0.6,B2 male,0.9447900466562986,196.85308641975308,2572
X,0.1,0.6,A2B2 male,0.7842146189735615,177.427367377293,2572
X,0.1,0.7,A2 female,0.890357698289269,119.78034934497816,2572
X,0.1,0.7,B2 female,0.9517884914463453,162.8937908496732,2572
X,0.1,0.7,A2B2 female,0.890357698289269,166.6117903930131,2572
X,0.1,0.7,A2 male,0.890357698289269,108.79519650655021,2572
X,0.1,0.7,B2 male,0.9517884914463453,163.79820261437908,2572
X,0.1,0.7,A2B2 male,0.890357698289269,161.95589519650656,2572
X,0.1,0.8,A2 female,0.9432348367029549,100.6838417147568,2572
X,0.1,0.8,B2 female,0.9564541213063764,142.46951219512195,2572
X,0.1,0.8,A2B2 female,0.9432348367029549,149.78977741137675,2572
X,0.1,0.8,A2 male,0.9432348367029549,94.48392415498763,2572
X,0.1,0.8,B2 male,0.9564541213063764,143.43211382113822,2572
X,0.1,0.8,A2B2 male,0.9432348367029549,148.9002473206925,2572
X,0.1,0.9,A2 female,0.9591757387247278,82.43615727604377,2572
X,0.1,0.9,B2 female,0.9595645412130638,130.6004862236629,2572
X,0.1,0.9,A2B2 female,0.9591757387247278,134.04094041345763,2572
X,0.1,0.9,A2 male,0.9591757387247278,78.23794081880827,2572
X,0.1,0.9,B2 male,0.9595645412130638,131.5875202593193,2572
X,0.1,0.9,A2B2 male,0.9591757387247278,134.45723550871503,2572
X,0.1,1.0,A2 female,0.9618973561430794,65.92481810832659,2572
X,0.1,1.0,B2 female,0.9618973561430794,120.70250606305578,2572
X,0.1,1.0,A2B2 female,0.9618973561430794,121.0925626515764,2572
X,0.1,1.0,A2 male,0.9618973561430794,62.83185125303153,2572
X,0.1,1.0,B2 male,0.9618973561430794,121.69361358124495,2572
X,0.1,1.0,A2B2 male,0.9618973561430794,121.96281325788198,2572
X,0.2,0.0,A2 female,0.004665629860031105,221.66666666666666,2572
X,0.2,0.0,B2 female,0.2286158631415241,1311.704081632653,2572
X,0.2,0.0,A2B2 female,0.0,3025.0,2572
X,0.2,0.0,A2 male,0.05443234836702955,8.2,2572
X,0.2,0.0,B2 male,0.22822706065318818,1311.9863713798977,2572
X,0.2,0.0,A2B2 male,0.049766718506998445,878.3359375,2572
X,0.2,0.1,A2 female,0.01088646967340591,257.10714285714283,2572
X,0.2,0.1,B2 female,0.578538102643857,783.611559139785,2572
X,0.2,0.1,A2B2 female,0.01088646967340591,719.1428571428571,2572
X,0.2,0.1,A2 male,0.060653188180404355,26.391025641025642,2572
X,0.2,0.1,B2 male,0.578538102643857,782.4448924731183,2572
X,0.2,0.1,A2B2 male,0.060653188180404355,311.5064102564103,2572
X,0.2,0.2,A2 female,0.03732503888024884,329.5208333333333,2572
X,0.2,0.2,B2 female,0.723561430793157,511.9274583557227,2572
X,0.2,0.2,A2B2 female,0.03732503888024884,521.59375,2572
X,0.2,0.2,A2 male,0.08709175738724728,107.375,2572
X,0.2,0.2,B2 male,0.723561430793157,510.9656098871574,2572
X,0.2,0.2,A2B2 male,0.08709175738724728,278.55357142857144,2572
X,0.2,0.3,A2 female,0.1104199066874028,545.6408450704225,2572
X,0.2,0.3,B2 female,0.8227060653188181,387.1772211720227,2572
X,0.2,0.3,A2B2 female,0.1104199066874028,655.2394366197183,2572
X,0.2,0.3,A2 male,0.15863141524105753,310.5563725490196,2572
X,0.2,0.3,B2 male,0.8234836702954899,389.08781869688386,2572
X,0.2,0.3,A2B2 male,0.15863141524105753,426.5343137254902,2572
X,0.2,0.4,A2 female,0.3048211508553655,332.07525510204084,2572
X,0.2,0.4,B2 female,0.8732503888024883,281.91006233303654,2572
X,0.2,0.4,A2B2 female,0.3048211508553655,388.1505102040816,2572
X,0.2,0.4,A2 male,0.343701399688958,249.9762443438914,2572
X,0.2,0.4,B2 male,0.8732503888024883,281.9038290293856,2572
X,0.2,0.4,A2B2 male,0.343701399688958,316.5429864253394,2572
X,0.2,0.5,A2 female,0.5789269051321928,200.51108126259234,2572
X,0.2,0.5,B2 female,0.9074650077760498,221.44858611825194,2572
X,0.2,0.5,A2B2 female,0.5789269051321928,237.42914707857622,2572
X,0.2,0.5,A2 male,0.5851477449455676,174.47109634551495,2572
X,0.2,0.5,B2 male,0.9074650077760498,221.88131962296487,2572
X,0.2,0.5,A2B2 male,0.5851477449455676,220.69833887043188,2572
X,0.2,0.6,A2 female,0.7694401244167963,160.11419909044972,2572
X,0.2,0.6,B2 female,0.9346811819595645,191.4792013311148,2572
X,0.2,0.6,A2B2 female,0.7694401244167963,203.06922688226376,2572
X,0.2,0.6,A2 male,0.7694401244167963,136.35977766548763,2572
X,0.2,0.6,B2 male,0.9346811819595645,192.23585690515807,2572
X,0.2,0.6,A2B2 male,0.7694401244167963,187.26023244062657,2572
X,0.2,0.7,A2 female,0.8786936236391913,125.03362831858406,2572
X,0.2,0.7,B2 female,0.942846034214619,157.54309278350516,2572
X,0.2,0.7,A2B2 female,0.8786936236391913,170.49469026548672,2572
X,0.2,0.7,A2 male,0.880248833592535,117.21510600706713,2572
X,0.2,0.7,B2 male,0.942846034214619,158.44577319587628,2572
X,0.2,0.7,A2B2 male,0.880248833592535,169.04858657243815,2572
X,0.2,0.8,A2 female,0.9300155520995335,96.61371237458194,2572
X,0.2,0.8,B2 female,0.9494556765163297,140.93407043407043,2572
X,0.2,0.8,A2B2 female,0.9300155520995335,144.9180602006689,2572
X,0.2,0.8,A2 male,0.9300155520995335,90.3198160535117,2572
X,0.2,0.8,B2 male,0.9494556765163297,141.9029484029484,2572
X,0.2,0.8,A2B2 male,0.9300155520995335,144.08235785953178,2572
X,0.2,0.9,A2 female,0.9541213063763608,77.95028524857376,2572
X,0.2,0.9,B2 female,0.9545101088646968,130.48757637474543,2572
X,0.2,0.9,A2B2 female,0.9541213063763608,131.25387123064385,2572
X,0.2,0.9,A2 male,0.9541213063763608,73.96903015484922,2572
X,0.2,0.9,B2 male,0.9545101088646968,131.471283095723,2572
X,0.2,0.9,A2B2 male,0.9541213063763608,131.8712306438468,2572
X,0.2,1.0,A2 female,0.9564541213063764,63.9150406504065,2572
X,0.2,1.0,B2 female,0.9564541213063764,120.09878048780487,2572
X,0.2,1.0,A2B2 female,0.9564541213063764,120.3109756097561,2572
X,0.2,1.0,A2 male,0.9564541213063764,60.93292682926829,2572
X,0.2,1.0,B2 male,0.9564541213063764,121.09268292682927,2572
X,0.2,1.0,A2B2 male,0.9564541213063764,121.23373983739837,2572
X,0.3,0.0,A2 female,0.0042768273716951785,245.1818181818182,2572
X,0.3,0.0,B2 female,0.27993779160186627,1147.9666666666667,2572
X,0.3,0.0,A2B2 female,0.0,3025.0,2572
X,0.3,0.0,A2 male,0.05404354587869362,8.402877697841726,2572
X,0.3,0.0,B2 male,0.27993779160186627,1150.7375,2572
X,0.3,0.0,A2B2 male,0.049766718506998445,605.1640625,2572
X,0.3,0.1,A2 female,0.00933125972006221,294.0416666666667,2572
X,0.3,0.1,B2 female,0.5594867807153966,707.2897845726199,2572
X,0.3,0.1,A2B2 female,0.00933125972006221,763.5833333333334,2572
X,0.3,0.1,A2 male,0.05909797822706065,27.223684210526315,2572
X,0.3,0.1,B2 male,0.5594867807153966,706.3370396108409,2572
X,0.3,0.1,A2B2 male,0.05909797822706065,293.9078947368421,2572
X,0.3,0.2,A2 female,0.027993779160186624,236.86111111111111,2572
X,0.3,0.2,B2 female,0.6982892690513219,473.2293986636971,2572
X,0.3,0.2,A2B2 female,0.027993779160186624,463.5138888888889,2572
X,0.3,0.2,A2 male,0.07776049766718507,62.045,2572
X,0.3,0.2,B2 male,0.6982892690513219,472.4510022271715,2572
X,0.3,0.2,A2B2 male,0.07776049766718507,239.9,2572
X,0.3,0.3,A2 female,0.07931570762052877,235.01470588235293,2572
X,0.3,0.3,B2 female,0.807542768273717,384.26576793452097,2572
X,0.3,0.3,A2B2 female,0.07931570762052877,375.15686274509807,2572
X,0.3,0.3,A2 male,0.12597200622083982,113.08024691358025,2572
X,0.3,0.3,B2 male,0.807542768273717,383.521906596052,2572
X,0.3,0.3,A2B2 male,0.12597200622083982,249.48765432098764,2572
X,0.3,0.4,A2 female,0.2286158631415241,401.49319727891157,2572
X,0.3,0.4,B2 female,0.864307931570762,276.43049932523616,2572
X,0.3,0.4,A2B2 female,0.2286158631415241,471.31972789115645,2572
X,0.3,0.4,A2 male,0.26749611197511663,283.4723837209302,2572
X,0.3,0.4,B2 male,0.864307931570762,276.4399460188934,2572
X,0.3,0.4,A2B2 male,0.26749611197511663,364.28052325581393,2572
X,0.3,0.5,A2 female,0.5583203732503889,250.33774373259052,2572
X,0.3,0.5,B2 female,0.9016329704510109,217.15955153083226,2572
X,0.3,0.5,A2B2 female,0.5583203732503889,286.5466573816156,2572
X,0.3,0.5,A2 male,0.5583203732503889,211.1441504178273,2572
X,0.3,0.5,B2 male,0.9016329704510109,217.5640362225097,2572
X,0.3,0.5,A2B2 male,0.5583203732503889,256.5132311977716,2572
X,0.3,0.6,A2 female,0.7367807153965785,154.37414248021108,2572
X,0.3,0.6,B2 female,0.9276827371695179,187.51927912824812,2572
X,0.3,0.6,A2B2 female,0.7367807153965785,196.5593667546174,2572
X,0.3,0.6,A2 male,0.7367807153965785,130.71187335092347,2572
X,0.3,0.6,B2 male,0.9276827371695179,188.26487845766974,2572
X,0.3,0.6,A2B2 male,0.7367807153965785,180.99155672823218,2572
X,0.3,0.7,A2 female,0.8518662519440124,112.97444089456869,2572
X,0.3,0.7,B2 female,0.9381804043545878,155.30542892664732,2572
X,0.3,0.7,A2B2 female,0.8518662519440124,157.87905066179826,2572
X,0.3,0.7,A2 male,0.8627527216174183,123.5588102748986,2572
X,0.3,0.7,B2 male,0.9381804043545878,156.2084542063821,2572
X,0.3,0.7,A2B2 male,0.8627527216174183,174.45110410094637,2572
X,0.3,0.8,A2 female,0.9354587869362364,97.2219451371571,2572
X,0.3,0.8,B2 female,0.9444012441679627,139.6677645121449,2572
X,0.3,0.8,A2B2 female,0.9354587869362364,147.0619285120532,2572
X,0.3,0.8,A2 male,0.9354587869362364,91.09434746467166,2572
X,0.3,0.8,B2 male,0.9444012441679627,140.63853437628654,2572
X,0.3,0.8,A2B2 male,0.9354587869362364,146.32751454696592,2572
X,0.3,0.9,A2 female,0.9490668740279938,75.06308889799263,2572
X,0.3,0.9,B2 female,0.9490668740279938,128.94223678820157,2572
X,0.3,0.9,A2B2 female,0.9490668740279938,129.9582138467841,2572
X,0.3,0.9,A2 male,0.9490668740279938,71.28021302744777,2572
X,0.3,0.9,B2 male,0.9490668740279938,129.9311757476444,2572
X,0.3,0.9,A2B2 male,0.9490668740279938,130.7181482998771,2572
X,0.3,1.0,A2 female,0.9525660964230172,61.27510204081633,2572
X,0.3,1.0,B2 female,0.9525660964230172,118.4334693877551,2572
X,0.3,1.0,A2B2 female,0.9525660964230172,118.5595918367347,2572
X,0.3,1.0,A2 male,0.9525660964230172,58.39918367346939,2572
X,0.3,1.0,B2 male,0.9525660964230172,119.42571428571429,2572
X,0.3,1.0,A2B2 male,0.9525660964230172,119.50244897959183,2572
X,0.4,0.0,A2 female,0.0042768273716951785,290.45454545454544,2572
X,0.4,0.0,B2 female,0.3036547433903577,969.7247119078105,2572
X,0.4,0.0,A2B2 female,0.0,3025.0,2572
X,0.4,0.0,A2 male,0.05404354587869362,9.287769784172662,2572
X,0.4,0.0,B2 male,0.3036547433903577,972.4967989756722,2572
X,0.4,0.0,A2B2 male,0.049766718506998445,469.1171875,2572
X,0.4,0.1,A2 female,0.004665629860031105,366.0,2572
X,0.4,0.1,B2 female,0.5513219284603421,662.0430183356841,2572
X,0.4,0.1,A2B2 female,0.004665629860031105,1006.4166666666666,2572
X,0.4,0.1,A2 male,0.05443234836702955,19.27857142857143,2572
X,0.4,0.1,B2 male,0.5513219284603421,661.2249647390692,2572
X,0.4,0.1,A2B2 male,0.05443234836702955,261.12142857142857,2572
X,0.4,0.2,A2 female,0.024883359253499222,348.5625,2572
X,0.4,0.2,B2 female,0.6881804043545878,454.92316384180793,2572
X,0.4,0.2,A2B2 female,0.024883359253499222,561.625,2572
X,0.4,0.2,A2 male,0.07465007776049767,85.046875,2572
X,0.4,0.2,B2 male,0.6881804043545878,454.3361581920904,2572
X,0.4,0.2,A2B2 male,0.07465007776049767,252.34895833333334,2572
X,0.4,0.3,A2 female,0.06687402799377916,325.5348837209302,2572
X,0.4,0.3,B2 female,0.7908242612752722,352.2699115044248,2572
X,0.4,0.3,A2B2 female,0.06687402799377916,479.09302325581393,2572
X,0.4,0.3,A2 male,0.1166407465007776,135.66,2572
X,0.4,0.3,B2 male,0.7908242612752722,351.90117994100297,2572
X,0.4,0.3,A2B2 male,0.1166407465007776,273.9533333333333,2572
X,0.4,0.4,A2 female,0.16329704510108864,192.63333333333333,2572
X,0.4,0.4,B2 female,0.8608087091757387,277.6788617886179,2572
X,0.4,0.4,A2B2 female,0.16329704510108864,283.58809523809526,2572
X,0.4,0.4,A2 male,0.20217729393468117,116.84038461538462,2572
X,0.4,0.4,B2 male,0.8608087091757387,277.66531165311653,2572
X,0.4,0.4,A2B2 male,0.20217729393468117,218.05384615384617,2572
X,0.4,0.5,A2 female,0.5536547433903577,368.0793539325843,2572
X,0.4,0.5,B2 female,0.8977449455676516,216.3317453443049,2572
X,0.4,0.5,A2B2 female,0.5536547433903577,403.1509831460674,2572
X,0.4,0.5,A2 male,0.5536547433903577,303.99859550561797,2572
X,0.4,0.5,B2 male,0.8977449455676516,216.79471632741448,2572
X,0.4,0.5,A2B2 male,0.5536547433903577,348.0737359550562,2572
X,0.4,0.6,A2 female,0.6998444790046656,220.96055555555554,2572
X,0.4,0.6,B2 female,0.9230171073094868,184.23420387531593,2572
X,0.4,0.6,A2B2 female,0.6998444790046656,262.8283333333333,2572
X,0.4,0.6,A2 male,0.6998444790046656,135.97722222222222,2572
X,0.4,0.6,B2 male,0.9230171073094868,184.98694187026118,2572
X,0.4,0.6,A2B2 male,0.6998444790046656,186.15833333333333,2572
X,0.4,0.7,A2 female,0.8755832037325039,121.15719360568383,2572
X,0.4,0.7,B2 female,0.9342923794712286,158.3391593841032,2572
X,0.4,0.7,A2B2 female,0.8755832037325039,167.0297513321492,2572
X,0.4,0.7,A2 male,0.8771384136858476,112.87898936170212,2572
X,0.4,0.7,B2 male,0.9342923794712286,159.24094881398253,2572
X,0.4,0.7,A2B2 male,0.8771384136858476,165.2127659574468,2572
X,0.4,0.8,A2 female,0.9354587869362364,92.93183707398171,2572
X,0.4,0.8,B2 female,0.9405132192846034,139.18933443571723,2572
X,0.4,0.8,A2B2 female,0.9354587869362364,144.5378221113882,2572
X,0.4,0.8,A2 male,0.9358475894245724,88.19110926464478,2572
X,0.4,0.8,B2 male,0.9405132192846034,140.15998346424144,2572
X,0.4,0.8,A2B2 male,0.9358475894245724,145.11258828417118,2572
X,0.4,0.9,A2 female,0.9459564541213064,72.62638717632552,2572
X,0.4,0.9,B2 female,0.9459564541213064,128.32757912042746,2572
X,0.4,0.9,A2B2 female,0.9459564541213064,128.911631730374,2572
X,0.4,0.9,A2 male,0.9459564541213064,69.01602959309494,2572
X,0.4,0.9,B2 male,0.9459564541213064,129.3173037402384,2572
X,0.4,0.9,A2B2 male,0.9459564541213064,129.75709001233045,2572
X,0.4,1.0,A2 female,0.9490668740279938,59.870135190495695,2572
X,0.4,1.0,B2 female,0.9490668740279938,117.95862351495289,2572
X,0.4,1.0,A2B2 female,0.9490668740279938,118.03031544448996,2572
X,0.4,1.0,A2 male,0.9490668740279938,57.06677591151168,2572
X,0.4,1.0,B2 male,0.9490668740279938,118.95043015157722,2572
X,0.4,1.0,A2B2 male,0.9490668740279938,118.99877099549364,2572
X,0.5,0.0,A2 female,0.0038880248833592537,334.5,2572
X,0.5,0.0,B2 female,0.3285381026438569,907.9408284023668,2572
X,0.5,0.0,A2B2 female,0.0,3025.0,2572
X,0.5,0.0,A2 male,0.053654743390357695,9.971014492753623,2572
X,0.5,0.0,B2 male,0.3285381026438569,910.8485207100591,2572
X,0.5,0.0,A2B2 male,0.049766718506998445,387.9375,2572
X,0.5,0.1,A2 female,0.004665629860031105,838.1666666666666,2572
X,0.5,0.1,B2 female,0.5431570762052877,608.1675017895491,2572
X,0.5,0.1,A2B2 female,0.004665629860031105,1263.4166666666667,2572
X,0.5,0.1,A2 male,0.05443234836702955,31.728571428571428,2572
X,0.5,0.1,B2 male,0.5431570762052877,607.7165354330708,2572
X,0.5,0.1,A2B2 male,0.05443234836702955,253.22142857142856,2572
X,0.5,0.2,A2 female,0.017107309486780714,217.63636363636363,2572
X,0.5,0.2,B2 female,0.6839035769828927,443.76122797043774,2572
X,0.5,0.2,A2B2 female,0.017107309486780714,478.47727272727275,2572
X,0.5,0.2,A2 male,0.06842923794712286,43.15909090909091,2572
X,0.5,0.2,B2 male,0.6839035769828927,443.0875497441728,2572
X,0.5,0.2,A2B2 male,0.06842923794712286,207.98295454545453,2572
X,0.5,0.3,A2 female,0.05132192846034215,246.5681818181818,2572
X,0.5,0.3,B2 female,0.7857698289269052,345.8827313211282,2572
X,0.5,0.3,A2B2 female,0.05132192846034215,430.74242424242425,2572
X,0.5,0.3,A2 male,0.10108864696734059,94.38076923076923,2572
X,0.5,0.3,B2 male,0.7857698289269052,345.4334487877288,2572
X,0.5,0.3,A2B2 male,0.10108864696734059,245.45384615384614,2572
X,0.5,0.4,A2 female,0.14307931570762053,248.7663043478261,2572
X,0.5,0.4,B2 female,0.8561430793157077,275.9591280653951,2572
X,0.5,0.4,A2B2 female,0.14307931570762053,345.26630434782606,2572
X,0.5,0.4,A2 male,0.18195956454121306,140.6196581196581,2572
X,0.5,0.4,B2 male,0.8561430793157077,275.98228882833786,2572
X,0.5,0.4,A2B2 male,0.18195956454121306,247.11111111111111,2572
X,0.5,0.5,A2 female,0.3203732503888025,906.2087378640776,2572
X,0.5,0.5,B2 female,0.8946345256609642,213.22990004345937,2572
X,0.5,0.5,A2B2 female,0.3203732503888025,964.2075242718447,2572
X,0.5,0.5,A2 male,0.4370139968895801,605.4937722419929,2572
X,0.5,0.5,B2 male,0.8946345256609642,213.72316384180792,2572
X,0.5,0.5,A2B2 male,0.4370139968895801,659.564946619217,2572
X,0.5,0.6,A2 female,0.7367807153965785,152.32137203166226,2572
X,0.5,0.6,B2 female,0.916407465007776,179.92023759015697,2572
X,0.5,0.6,A2B2 female,0.7367807153965785,194.732981530343,2572
X,0.5,0.6,A2 male,0.7367807153965785,128.76094986807388,2572
X,0.5,0.6,B2 male,0.916407465007776,180.64870598218073,2572
X,0.5,0.6,A2B2 male,0.7367807153965785,179.37941952506597,2572
X,0.5,0.7,A2 female,0.8841368584758943,114.04837291116975,2572
X,0.5,0.7,B2 female,0.9300155520995335,155.188127090301,2572
X,0.5,0.7,A2B2 female,0.8841368584758943,161.7269129287599,2572
X,0.5,0.7,A2 male,0.8845256609642301,104.39428571428572,2572
X,0.5,0.7,B2 male,0.9300155520995335,156.0923913043478,2572
X,0.5,0.7,A2B2 male,0.8845256609642301,158.56175824175824,2572
X,0.5,0.8,A2 female,0.9350699844479005,90.6029106029106,2572
X,0.5,0.8,B2 female,0.9381804043545878,139.80936593452134,2572
X,0.5,0.8,A2B2 female,0.9350699844479005,143.94261954261955,2572
X,0.5,0.8,A2 male,0.9350699844479005,85.33970893970894,2572
X,0.5,0.8,B2 male,0.9381804043545878,140.78532946539576,2572
X,0.5,0.8,A2B2 male,0.9350699844479005,143.96424116424117,2572
X,0.5,0.9,A2 female,0.9436236391912908,70.12896580140091,2572
X,0.5,0.9,B2 female,0.9436236391912908,127.27564894932014,2572
X,0.5,0.9,A2B2 female,0.9436236391912908,127.61969509682736,2572
X,0.5,0.9,A2 male,0.9436236391912908,66.66089822826535,2572
X,0.5,0.9,B2 male,0.9436236391912908,128.26576019777502,2572
X,0.5,0.9,A2B2 male,0.9436236391912908,128.5241038318912,2572
X,0.5,1.0,A2 female,0.9471228615863142,60.00205254515599,2572
X,0.5,1.0,B2 female,0.9471228615863142,118.83908045977012,2572
X,0.5,1.0,A2B2 female,0.9471228615863142,118.88464696223316,2572
X,0.5,1.0,A2 male,0.9471228615863142,57.27298850574713,2572
X,0.5,1.0,B2 male,0.9471228615863142,119.83128078817734,2572
X,0.5,1.0,A2B2 male,0.9471228615863142,119.86247947454844,2572
X,0.6,0.0,A2 female,0.003110419906687403,430.0,2572
X,0.6,0.0,B2 female,0.34331259720062207,802.2853907134768,2572
X,0.6,0.0,A2B2 female,0.0,3025.0,2572
X,0.6,0.0,A2 male,0.05287713841368585,8.338235294117647,2572
X,0.6,0.0,B2 male,0.34331259720062207,805.0169875424689,2572
X,0.6,0.0,A2B2 male,0.049766718506998445,333.90625,2572
X,0.6,0.1,A2 female,0.003110419906687403,196.75,2572
X,0.6,0.1,B2 female,0.5482115085536547,597.2631205673758,2572
X,0.6,0.1,A2B2 female,0.003110419906687403,784.0,2572
X,0.6,0.1,A2 male,0.05287713841368585,5.3088235294117645,2572
X,0.6,0.1,B2 male,0.5486003110419907,598.5690999291282,2572
X,0.6,0.1,A2B2 male,0.05287713841368585,203.86029411764707,2572
X,0.6,0.2,A2 female,0.013996889580093312,265.5833333333333,2572
X,0.6,0.2,B2 female,0.6788491446345256,432.85223367697597,2572
X,0.6,0.2,A2B2 female,0.013996889580093312,552.9722222222222,2572
X,0.6,0.2,A2 male,0.06376360808709176,33.28658536585366,2572
X,0.6,0.2,B2 male,0.6788491446345256,432.2250859106529,2572
X,0.6,0.2,A2B2 male,0.06376360808709176,200.47560975609755,2572
X,0.6,0.3,A2 female,0.04510108864696734,286.6896551724138,2572
X,0.6,0.3,B2 female,0.78149300155521,338.89253731343285,2572
X,0.6,0.3,A2B2 female,0.04510108864696734,479.36206896551727,2572
X,0.6,0.3,A2 male,0.09486780715396578,101.89754098360656,2572
X,0.6,0.3,B2 male,0.78149300155521,338.65124378109454,2572
X,0.6,0.3,A2B2 male,0.09486780715396578,251.7827868852459,2572
X,0.6,0.4,A2 female,0.11353032659409021,173.82534246575344,2572
X,0.6,0.4,B2 female,0.8526438569206843,277.62562699498403,2572
X,0.6,0.4,A2B2 female,0.11353032659409021,286.4554794520548,2572
X,0.6,0.4,A2 male,0.17262830482115085,293.19594594594594,2572
X,0.6,0.4,B2 male,0.8526438569206843,277.3716370269038,2572
X,0.6,0.4,A2B2 male,0.17262830482115085,399.6644144144144,2572
X,0.6,0.5,A2 female,0.5536547433903577,358.75351123595505,2572
X,0.6,0.5,B2 female,0.8860808709175739,214.14962702939886,2572
X,0.6,0.5,A2B2 female,0.5536547433903577,393.6629213483146,2572
X,0.6,0.5,A2 male,0.5536547433903577,294.8574438202247,2572
X,0.6,0.5,B2 male,0.8860808709175739,214.59324265028522,2572
X,0.6,0.5,A2B2 male,0.5536547433903577,338.8061797752809,2572
X,0.6,0.6,A2 female,0.7682737169517885,153.09514170040487,2572
X,0.6,0.6,B2 female,0.9140746500777605,182.66014461931093,2572
X,0.6,0.6,A2B2 female,0.7682737169517885,196.59514170040487,2572
X,0.6,0.6,A2 male,0.7682737169517885,129.7171052631579,2572
X,0.6,0.6,B2 male,0.9140746500777605,183.29221607826457,2572
X,0.6,0.6,A2B2 male,0.7682737169517885,181.36133603238866,2572
X,0.6,0.7,A2 female,0.890357698289269,116.28471615720524,2572
X,0.6,0.7,B2 female,0.9272939346811819,156.95345911949684,2572
X,0.6,0.7,A2B2 female,0.890357698289269,165.87467248908297,2572
X,0.6,0.7,A2 male,0.890746500777605,103.26451331296377,2572
X,0.6,0.7,B2 male,0.9272939346811819,157.85870020964362,2572
X,0.6,0.7,A2B2 male,0.890746500777605,159.2841553906591,2572
X,0.6,0.8,A2 female,0.9335147744945568,87.96709704289879,2572
X,0.6,0.8,B2 female,0.9350699844479005,138.66569646569647,2572
X,0.6,0.8,A2B2 female,0.9335147744945568,142.99916701374428,2572
X,0.6,0.8,A2 male,0.9335147744945568,82.78342357351104,2572
X,0.6,0.8,B2 male,0.9350699844479005,139.63700623700623,2572
X,0.6,0.8,A2B2 male,0.9335147744945568,142.99958350687214,2572
X,0.6,0.9,A2 female,0.9416796267496111,69.0280759702725,2572
X,0.6,0.9,B2 female,0.9416796267496111,127.36168455821635,2572
X,0.6,0.9,A2B2 female,0.9416796267496111,127.5710156895128,2572
X,0.6,0.9,A2 male,0.9416796267496111,65.66473988439306,2572
X,0.6,0.9,B2 male,0.9416796267496111,128.35012386457473,2572
X,0.6,0.9,A2B2 male,0.9416796267496111,128.5028901734104,2572
X,0.6,1.0,A2 female,0.9451788491446346,58.64582476347182,2572
X,0.6,1.0,B2 female,0.9451788491446346,118.16988893459482,2572
X,0.6,1.0,A2B2 female,0.9451788491446346,118.20032908268202,2572
X,0.6,1.0,A2 male,0.9451788491446346,55.97449609214315,2572
X,0.6,1.0,B2 male,0.9451788491446346,119.16248457424928,2572
X,0.6,1.0,A2B2 male,0.9451788491446346,119.1822295351707,2572
X,0.7,0.0,A2 female,0.0023328149300155523,393.3333333333333,2572
X,0.7,0.0,B2 female,0.36236391912908245,774.0965665236051,2572
X,0.7,0.0,A2B2 female,0.0,3025.0,2572
X,0.7,0.0,A2 male,0.052488335925349926,8.97037037037037,2572
X,0.7,0.0,B2 male,0.36236391912908245,776.7145922746781,2572
X,0.7,0.0,A2B2 male,0.049766718506998445,295.5234375,2572
X,0.7,0.1,A2 female,0.003110419906687403,242.75,2572
X,0.7,0.1,B2 female,0.5501555209953344,572.8530035335689,2572
X,0.7,0.1,A2B2 female,0.003110419906687403,784.375,2572
X,0.7,0.1,A2 male,0.05287713841368585,5.8088235294117645,2572
X,0.7,0.1,B2 male,0.5501555209953344,572.5922261484098,2572
X,0.7,0.1,A2B2 male,0.05287713841368585,195.5735294117647,2572
X,0.7,0.2,A2 female,0.012441679626749611,323.96875,2572
X,0.7,0.2,B2 female,0.6730171073094868,414.51184286539575,2572
X,0.7,0.2,A2B2 female,0.012441679626749611,598.8125,2572
X,0.7,0.2,A2 male,0.06220839813374806,38.50625,2572
X,0.7,0.2,B2 male,0.6730171073094868,414.21374927787406,2572
X,0.7,0.2,A2B2 male,0.06220839813374806,200.74375,2572
X,0.7,0.3,A2 female,0.03265940902021773,193.17857142857142,2572
X,0.7,0.3,B2 female,0.7779937791601866,333.26536731634184,2572
X,0.7,0.3,A2B2 female,0.03265940902021773,440.14285714285717,2572
X,0.7,0.3,A2 male,0.09331259720062209,181.55833333333334,2572
X,0.7,0.3,B2 male,0.7779937791601866,332.9630184907546,2572
X,0.7,0.3,A2B2 male,0.09331259720062209,325.55833333333334,2572
X,0.7,0.4,A2 female,0.14307931570762053,246.90217391304347,2572
X,0.7,0.4,B2 female,0.8347589424572317,275.80018630647413,2572
X,0.7,0.4,A2B2 female,0.14307931570762053,342.85869565217394,2572
X,0.7,0.4,A2 male,0.18195956454121306,139.54700854700855,2572
X,0.7,0.4,B2 male,0.8347589424572317,275.63157894736844,2572
X,0.7,0.4,A2B2 male,0.18195956454121306,246.02136752136752,2572
X,0.7,0.5,A2 female,0.5583203732503889,241.72075208913648,2572
X,0.7,0.5,B2 female,0.8806376360808709,217.72847682119206,2572
X,0.7,0.5,A2B2 female,0.5583203732503889,277.7075208913649,2572
X,0.7,0.5,A2 male,0.5583203732503889,202.70543175487464,2572
X,0.7,0.5,B2 male,0.8806376360808709,218.09801324503312,2572
X,0.7,0.5,A2B2 male,0.5583203732503889,248.13091922005572,2572
X,0.7,0.6,A2 female,0.7807153965785381,133.24950199203187,2572
X,0.7,0.6,B2 female,0.911353032659409,184.42022184300342,2572
X,0.7,0.6,A2B2 female,0.7807153965785381,179.0597609561753,2572
X,0.7,0.6,A2 male,0.781104199066874,118.0358387257342,2572
X,0.7,0.6,B2 male,0.911353032659409,185.11348122866895,2572
X,0.7,0.6,A2B2 male,0.781104199066874,172.00049776007964,2572
X,0.7,0.7,A2 female,0.8942457231726283,98.36130434782609,2572
X,0.7,0.7,B2 female,0.9234059097978227,152.06105263157895,2572
X,0.7,0.7,A2B2 female,0.8942457231726283,149.93,2572
X,0.7,0.7,A2 male,0.8942457231726283,90.6895652173913,2572
X,0.7,0.7,B2 male,0.9234059097978227,152.9717894736842,2572
X,0.7,0.7,A2B2 male,0.8942457231726283,148.6108695652174,2572
X,0.7,0.8,A2 female,0.9311819595645412,82.1812108559499,2572
X,0.7,0.8,B2 female,0.9327371695178849,137.97040433513965,2572
X,0.7,0.8,A2B2 female,0.9311819595645412,138.84050104384133,2572
X,0.7,0.8,A2 male,0.9311819595645412,77.66179540709813,2572
X,0.7,0.8,B2 male,0.9327371695178849,138.9437265527303,2572
X,0.7,0.8,A2B2 male,0.9311819595645412,139.4267223382046,2572
X,0.7,0.9,A2 female,0.9397356143079316,68.0521307405875,2572
X,0.7,0.9,B2 female,0.9397356143079316,127.405875051717,2572
X,0.7,0.9,A2B2 female,0.9397356143079316,127.54033926354985,2572
X,0.7,0.9,A2 male,0.9397356143079316,64.80306164666942,2572
X,0.7,0.9,B2 male,0.9397356143079316,128.3909805544063,2572
X,0.7,0.9,A2B2 male,0.9397356143079316,128.48862225899876,2572
X,0.7,1.0,A2 female,0.9432348367029549,57.034212695795546,2572
X,0.7,1.0,B2 female,0.9432348367029549,117.09604286892004,2572
X,0.7,1.0,A2B2 female,0.9432348367029549,117.11747732893652,2572
X,0.7,1.0,A2 male,0.9432348367029549,54.40230832646331,2572
X,0.7,1.0,B2 male,0.9432348367029549,118.0886232481451,2572
X,0.7,1.0,A2B2 male,0.9432348367029549,118.10181368507831,2572
X,0.8,0.0,A2 female,0.0023328149300155523,481.0,2572
X,0.8,0.0,B2 female,0.375194401244168,730.0466321243523,2572
X,0.8,0.0,A2B2 female,0.0,3025.0,2572
X,0.8,0.0,A2 male,0.052099533437014,8.619402985074627,2572
X,0.8,0.0,B2 male,0.375194401244168,732.7761658031088,2572
X,0.8,0.0,A2B2 male,0.049766718506998445,266.8125,2572
X,0.8,0.1,A2 female,0.003110419906687403,352.875,2572
X,0.8,0.1,B2 female,0.5501555209953344,542.3971731448763,2572
X,0.8,0.1,A2B2 female,0.003110419906687403,792.625,2572
X,0.8,0.1,A2 male,0.05287713841368585,6.595588235294118,2572
X,0.8,0.1,B2 male,0.5532659409020217,556.1356289529164,2572
X,0.8,0.1,A2B2 male,0.05287713841368585,188.6691176470588,2572
X,0.8,0.2,A2 female,0.012441679626749611,1543.90625,2572
X,0.8,0.2,B2 female,0.6675738724727839,388.64938846825856,2572
X,0.8,0.2,A2B2 female,0.012441679626749611,1794.21875,2572
X,0.8,0.2,A2 male,0.06220839813374806,71.70625,2572
X,0.8,0.2,B2 male,0.6675738724727839,388.6505532906232,2572
X,0.8,0.2,A2B2 male,0.06220839813374806,217.525,2572
X,0.8,0.3,A2 female,0.04510108864696734,294.9913793103448,2572
X,0.8,0.3,B2 female,0.7569984447900466,363.84591679506934,2572
X,0.8,0.3,A2B2 female,0.04510108864696734,485.7413793103448,2572
X,0.8,0.3,A2 male,0.09486780715396578,106.02868852459017,2572
X,0.8,0.3,B2 male,0.7569984447900466,363.1484334874165,2572
X,0.8,0.3,A2B2 male,0.09486780715396578,257.45081967213116,2572
X,0.8,0.4,A2 female,0.16329704510108864,192.14285714285714,2572
X,0.8,0.4,B2 female,0.8180404354587869,278.1392585551331,2572
X,0.8,0.4,A2B2 female,0.16329704510108864,282.1,2572
X,0.8,0.4,A2 male,0.20217729393468117,116.5173076923077,2572
X,0.8,0.4,B2 male,0.8180404354587869,277.99334600760454,2572
X,0.8,0.4,A2B2 male,0.20217729393468117,217.73461538461538,2572
X,0.8,0.5,A2 female,0.5789269051321928,194.7454667562122,2572
X,0.8,0.5,B2 female,0.8744167962674961,226.20497999110717,2572
X,0.8,0.5,A2B2 female,0.5789269051321928,232.00738750839488,2572
X,0.8,0.5,A2 male,0.5851477449455676,168.2890365448505,2572
X,0.8,0.5,B2 male,0.8748055987558321,227.40133333333333,2572
X,0.8,0.5,A2B2 male,0.5851477449455676,215.69900332225913,2572
X,0.8,0.6,A2 female,0.807542768273717,148.47231584015407,2572
X,0.8,0.6,B2 female,0.9055209953343701,177.5208243881494,2572
X,0.8,0.6,A2B2 female,0.807542768273717,195.7212325469427,2572
X,0.8,0.6,A2 male,0.807542768273717,130.41839191141068,2572
X,0.8,0.6,B2 male,0.9055209953343701,178.22756547874624,2572
X,0.8,0.6,A2B2 male,0.807542768273717,185.6793452094367,2572
X,0.8,0.7,A2 female,0.8946345256609642,93.50977835723599,2572
X,0.8,0.7,B2 female,0.921850699844479,151.3989877688739,2572
X,0.8,0.7,A2B2 female,0.8946345256609642,147.13472403302913,2572
X,0.8,0.7,A2 male,0.8946345256609642,86.63102998696219,2572
X,0.8,0.7,B2 male,0.921850699844479,152.3061999156474,2572
X,0.8,0.7,A2B2 male,0.8946345256609642,146.53411560191222,2572
X,0.8,0.8,A2 female,0.9311819595645412,82.56116910229645,2572
X,0.8,0.8,B2 female,0.9319595645412131,139.14059240717563,2572
X,0.8,0.8,A2B2 female,0.9311819595645412,140.58622129436327,2572
X,0.8,0.8,A2 male,0.9311819595645412,78.0455114822547,2572
X,0.8,0.8,B2 male,0.9319595645412131,140.11097204839382,2572
X,0.8,0.8,A2B2 male,0.9311819595645412,141.06972860125262,2572
X,0.8,0.9,A2 female,0.9393468118195957,69.18377483443709,2572
X,0.8,0.9,B2 female,0.9393468118195957,129.40811258278146,2572
X,0.8,0.9,A2B2 female,0.9393468118195957,129.49668874172184,2572
X,0.8,0.9,A2 male,0.9393468118195957,66.02690397350993,2572
X,0.8,0.9,B2 male,0.9393468118195957,130.39817880794703,2572
X,0.8,0.9,A2B2 male,0.9393468118195957,130.46067880794703,2572
X,0.8,1.0,A2 female,0.942846034214619,57.742680412371136,2572
X,0.8,1.0,B2 female,0.942846034214619,118.31051546391753,2572
X,0.8,1.0,A2B2 female,0.942846034214619,118.3241237113402,2572
X,0.8,1.0,A2 male,0.942846034214619,55.177731958762884,2572
X,0.8,1.0,B2 male,0.942846034214619,119.30226804123711,2572
X,0.8,1.0,A2B2 male,0.942846034214619,119.3142268041237,2572
X,0.9,0.0,A2 female,0.0019440124416796269,659.4,2572
X,0.9,0.0,B2 female,0.390746500777605,723.3592039800996,2572
X,0.9,0.0,A2B2 female,0.0,3025.0,2572
X,0.9,0.0,A2 male,0.052099533437014,12.835820895522389,2572
X,0.9,0.0,B2 male,0.390746500777605,726.0497512437811,2572
X,0.9,0.0,A2B2 male,0.049766718506998445,244.6875,2572
X,0.9,0.1,A2 female,0.003110419906687403,1903.75,2572
X,0.9,0.1,B2 female,0.55248833592535,523.1724137931035,2572
X,0.9,0.1,A2B2 female,0.003110419906687403,1904.625,2572
X,0.9,0.1,A2 male,0.05287713841368585,8.147058823529411,2572
X,0.9,0.1,B2 male,0.55248833592535,523.0288529204786,2572
X,0.9,0.1,A2B2 male,0.05287713841368585,184.18382352941177,2572
X,0.9,0.2,A2 female,0.012441679626749611,330.78125,2572
X,0.9,0.2,B2 female,0.6388024883359253,441.45891661594646,2572
X,0.9,0.2,A2B2 female,0.012441679626749611,601.96875,2572
X,0.9,0.2,A2 male,0.06220839813374806,39.8625,2572
X,0.9,0.2,B2 male,0.6388024883359253,440.9117468046257,2572
X,0.9,0.2,A2B2 male,0.06220839813374806,209.83125,2572
X,0.9,0.3,A2 female,0.05132192846034215,252.66666666666666,2572
X,0.9,0.3,B2 female,0.7305598755832037,378.7365620010644,2572
X,0.9,0.3,A2B2 female,0.05132192846034215,431.99242424242425,2572
X,0.9,0.3,A2 male,0.1026438569206843,108.0,2572
X,0.9,0.3,B2 male,0.7305598755832037,378.1687067589143,2572
X,0.9,0.3,A2B2 male,0.1026438569206843,258.8863636363636,2572
X,0.9,0.4,A2 female,0.2286158631415241,369.7959183673469,2572
X,0.9,0.4,B2 female,0.80248833592535,277.0731589147287,2572
X,0.9,0.4,A2B2 female,0.2286158631415241,438.5748299319728,2572
X,0.9,0.4,A2 male,0.27527216174183516,325.933615819209,2572
X,0.9,0.4,B2 male,0.80248833592535,276.56492248062017,2572
X,0.9,0.4,A2B2 male,0.27527216174183516,404.5508474576271,2572
X,0.9,0.5,A2 female,0.614307931570762,174.00316455696202,2572
X,0.9,0.5,B2 female,0.8654743390357699,219.28616352201257,2572
X,0.9,0.5,A2B2 female,0.614307931570762,213.63670886075948,2572
X,0.9,0.5,A2 male,0.614307931570762,149.8120253164557,2572
X,0.9,0.5,B2 male,0.8654743390357699,219.50404312668465,2572
X,0.9,0.5,A2B2 male,0.614307931570762,200.9873417721519,2572
X,0.9,0.6,A2 female,0.8199844479004665,129.05642484589853,2572
X,0.9,0.6,B2 female,0.9039657853810265,178.38752688172042,2572
X,0.9,0.6,A2B2 female,0.8199844479004665,178.46799431009958,2572
X,0.9,0.6,A2 male,0.8199844479004665,115.80986249407302,2572
X,0.9,0.6,B2 male,0.9039657853810265,179.0679569892473,2572
X,0.9,0.6,A2B2 male,0.8199844479004665,173.12328117591275,2572
X,0.9,0.7,A2 female,0.9012441679626749,106.30500431406385,2572
X,0.9,0.7,B2 female,0.9210730948678072,152.26804558885607,2572
X,0.9,0.7,A2B2 female,0.9012441679626749,161.48835202761,2572
X,0.9,0.7,A2 male,0.9012441679626749,98.08455565142364,2572
X,0.9,0.7,B2 male,0.9210730948678072,153.1734909244407,2572
X,0.9,0.7,A2B2 male,0.9012441679626749,159.40077653149265,2572
X,0.9,0.8,A2 female,0.9296267496111975,79.93642827268926,2572
X,0.9,0.8,B2 female,0.9300155520995335,138.92140468227424,2572
X,0.9,0.8,A2B2 female,0.9296267496111975,139.19155165202844,2572
X,0.9,0.8,A2 male,0.9296267496111975,75.8025930572982,2572
X,0.9,0.8,B2 male,0.9300155520995335,139.89506688963212,2572
X,0.9,0.8,A2B2 male,0.9296267496111975,139.95106649937264,2572
X,0.9,0.9,A2 female,0.937791601866252,69.01782752902156,2572
X,0.9,0.9,B2 female,0.937791601866252,129.98548922056384,2572
X,0.9,0.9,A2B2 female,0.937791601866252,130.04560530679933,2572
X,0.9,0.9,A2 male,0.937791601866252,65.9398839137645,2572
X,0.9,0.9,B2 male,0.937791601866252,130.97305140961856,2572
X,0.9,0.9,A2B2 male,0.937791601866252,131.01616915422886,2572
X,0.9,1.0,A2 female,0.9405132192846034,55.82058701942952,2572
X,0.9,1.0,B2 female,0.9405132192846034,116.83836295990079,2572
X,0.9,1.0,A2B2 female,0.9405132192846034,116.84828441504754,2572
X,0.9,1.0,A2 male,0.9405132192846034,53.318313352625054,2572
X,0.9,1.0,B2 male,0.9405132192846034,117.83216205043406,2572
X,0.9,1.0,A2B2 male,0.9405132192846034,117.83877635386523,2572
X,1.0,0.0,A2 female,0.0015552099533437014,711.25,2572
X,1.0,0.0,B2 female,0.4051321928460342,711.1439539347409,2572
X,1.0,0.0,A2B2 female,0.0,3025.0,2572
X,1.0,0.0,A2 male,0.05171073094867807,8.330827067669173,2572
X,1.0,0.0,B2 male,0.4051321928460342,713.3531669865642,2572
X,1.0,0.0,A2B2 male,0.049766718506998445,226.9296875,2572
X,1.0,0.1,A2 female,0.003110419906687403,397.0,2572
X,1.0,0.1,B2 female,0.49105754276827374,589.1836896278702,2572
X,1.0,0.1,A2B2 female,0.003110419906687403,795.25,2572
X,1.0,0.1,A2 male,0.05287713841368585,7.455882352941177,2572
X,1.0,0.1,B2 male,0.49105754276827374,589.6413301662708,2572
X,1.0,0.1,A2B2 male,0.05287713841368585,214.21323529411765,2572
X,1.0,0.2,A2 female,0.013996889580093312,283.25,2572
X,1.0,0.2,B2 female,0.5999222395023328,493.0395333765392,2572
X,1.0,0.2,A2B2 female,0.013996889580093312,562.25,2572
X,1.0,0.2,A2 male,0.06376360808709176,37.0609756097561,2572
X,1.0,0.2,B2 male,0.5999222395023328,492.55605962410885,2572
X,1.0,0.2,A2B2 male,0.06376360808709176,223.0,2572
X,1.0,0.3,A2 female,0.06687402799377916,324.6279069767442,2572
X,1.0,0.3,B2 female,0.7103421461897356,404.1554460864806,2572
X,1.0,0.3,A2B2 female,0.06687402799377916,472.76162790697674,2572
X,1.0,0.3,A2 male,0.1166407465007776,136.25666666666666,2572
X,1.0,0.3,B2 male,0.7103421461897356,403.064039408867,2572
X,1.0,0.3,A2B2 male,0.1166407465007776,278.2266666666667,2572
X,1.0,0.4,A2 female,0.3048211508553655,304.07142857142856,2572
X,1.0,0.4,B2 female,0.7916018662519441,286.74557956777994,2572
X,1.0,0.4,A2B2 female,0.3048211508553655,359.1313775510204,2572
X,1.0,0.4,A2 male,0.3514774494556765,278.5254424778761,2572
X,1.0,0.4,B2 male,0.7916018662519441,286.25884086444006,2572
X,1.0,0.4,A2B2 male,0.3514774494556765,343.783185840708,2572
X,1.0,0.5,A2 female,0.6516329704510109,176.9236276849642,2572
X,1.0,0.5,B2 female,0.8608087091757387,221.92728093947605,2572
X,1.0,0.5,A2B2 female,0.6516329704510109,219.7285202863962,2572
X,1.0,0.5,A2 male,0.6516329704510109,148.79415274463008,2572
X,1.0,0.5,B2 male,0.8608087091757387,222.10569105691056,2572
X,1.0,0.5,A2B2 male,0.6516329704510109,203.118138424821,2572
X,1.0,0.6,A2 female,0.833203732503888,137.15538964069063,2572
X,1.0,0.6,B2 female,0.9024105754276828,180.12666953899182,2572
X,1.0,0.6,A2B2 female,0.833203732503888,188.49790013999066,2572
X,1.0,0.6,A2 male,0.833203732503888,122.40317312179188,2572
X,1.0,0.6,B2 male,0.9024105754276828,180.81085738905645,2572
X,1.0,0.6,A2B2 male,0.833203732503888,181.5109659356043,2572
X,1.0,0.7,A2 female,0.9094090202177294,103.38135955536553,2572
X,1.0,0.7,B2 female,0.9210730948678072,154.5403123680878,2572
X,1.0,0.7,A2B2 female,0.9094090202177294,159.8490808037623,2572
X,1.0,0.7,A2 male,0.9094090202177294,96.16331765711843,2572
X,1.0,0.7,B2 male,0.9210730948678072,155.4394259181089,2572
X,1.0,0.7,A2B2 male,0.9094090202177294,158.61564771269772,2572
X,1.0,0.8,A2 female,0.9272939346811819,75.46205450733753,2572
X,1.0,0.8,B2 female,0.9272939346811819,135.20461215932914,2572
X,1.0,0.8,A2B2 female,0.9272939346811819,135.80880503144655,2572
X,1.0,0.8,A2 male,0.9272939346811819,71.4901467505241,2572
X,1.0,0.8,B2 male,0.9272939346811819,136.1853249475891,2572
X,1.0,0.8,A2B2 male,0.9272939346811819,136.6616352201258,2572
X,1.0,0.9,A2 female,0.9362363919129082,67.70099667774086,2572
X,1.0,0.9,B2 female,0.9362363919129082,129.3999169435216,2572
X,1.0,0.9,A2B2 female,0.9362363919129082,129.4418604651163,2572
X,1.0,0.9,A2 male,0.9362363919129082,64.69892026578073,2572
X,1.0,0.9,B2 male,0.9362363919129082,130.38870431893687,2572
X,1.0,0.9,A2B2 male,0.9362363919129082,130.4202657807309,2572
X,1.0,1.0,A2 female,0.9401244167962675,55.974772539288665,2572
X,1.0,1.0,B2 female,0.9401244167962675,117.39205955334988,2572
X,1.0,1.0,A2B2 female,0.9401244167962675,117.40488006617039,2572
X,1.0,1.0,A2 male,0.9401244167962675,53.48221670802316,2572
X,1.0,1.0,B2 male,0.9401244167962675,118.38709677419355,2572
X,1.0,1.0,A2B2 male,0.9401244167962675,118.39247311827957,2572
