n_lines,pop,assay,diff_MB_FB,lo,hi,significant_positive,F_lowest
39,0,0,0.02501905508024546,-0.2966451384436906,0.3610013110170857,False,True
39,0,1,0.1928226102041938,-0.19048610564910515,0.5719944335855677,False,True
39,0,2,0.09799668227237984,-0.15557335631032468,0.3659395101543135,False,False
39,0,3,0.431896964245231,0.11823541028507076,0.7563049615350969,True,True
39,0,4,0.224179045672183,0.005551460022964797,0.4251929856708747,True,True
39,0,5,0.4636735004192388,0.04872421856369516,0.815379025545893,True,True
39,0,6,0.03247375884698045,-0.2895522785459314,0.29674247959469385,False,False
39,0,7,0.20096246831527353,-0.10635437284761401,0.5178426271964157,False,True
39,0,8,-0.0022802588251901734,-0.2972515680665364,0.27470942717520636,False,False
39,0,9,0.12964008809111693,-0.12770419519460113,0.38817030837252625,False,True
39,0,10,0.15403559966153446,-0.14161321474683777,0.4392268482995793,False,True
39,0,11,-0.2465331634621395,-0.5774894506655001,0.013764876688170082,False,False
39,0,12,0.033190798435875524,-0.25653401399742487,0.29974151555990525,False,False
39,0,13,0.1337513302594135,-0.194207208954395,0.4202615261870399,False,True
39,0,14,0.027870636718141523,-0.2972301775249138,0.2999671042185272,False,True
39,0,15,0.11851912787607527,-0.1079839808349442,0.375499690950382,False,True
39,0,16,-0.0030911646830393824,-0.22293708152925182,0.18923192293095972,False,False
39,0,17,0.260606346858403,0.013870445940084125,0.5334675558203387,True,True
39,0,18,0.019795702956404537,-0.2474187054523811,0.2820187401836398,False,True
39,0,19,0.09954274221943621,-0.1364998919135079,0.38723771749259683,False,True
39,0,20,0.30532316020103617,0.053925691302015785,0.5550127295861371,True,True
39,0,21,-0.05362903841932909,-0.2704413812439897,0.1620522017153598,False,False
39,0,22,0.01036799007643685,-0.2669590553034628,0.2816486611750297,False,True
39,0,23,-0.15712487452413365,-0.33351964569885595,0.031750824205736564,False,False
39,0,24,0.09880674299116238,-0.19213134611731925,0.44019148236665184,False,True
39,1,0,-0.07711059332436604,-0.4316555307140259,0.2477774364852281,False,False
39,1,1,0.19668749067055497,-0.03615231237006372,0.4738076981693019,False,False
39,1,2,-0.3137999107366589,-0.6154520865444191,-0.018571686656332922,False,False
39,1,3,0.047920135253459506,-0.1993264581872765,0.3025482191021862,False,False
39,1,4,0.0067758442137522135,-0.29824697776668213,0.3166603301158563,False,False
39,1,5,0.30307201299843634,-0.010584616142503488,0.5976858837262407,False,True
39,1,6,0.09594056836587878,-0.20947497910190055,0.36621871314296556,False,True
39,1,7,0.005602368166073346,-0.3897752803590936,0.37435076390538535,False,True
39,1,8,0.20981403020300968,-0.08197319194772162,0.516238232974735,False,True
39,1,9,-0.05130537374049482,-0.3600768325851867,0.29311110788239797,False,False
39,1,10,0.04789961171481196,-0.4488769253224393,0.43846666122697125,False,True
39,1,11,0.24510364829747774,0.02263186444789365,0.5111256450709656,True,True
39,1,12,-0.03959685817273595,-0.34792230225890336,0.32678931346030143,False,False
39,1,13,0.29759491536095317,0.06598299026343103,0.5385649130029818,True,True
39,1,14,-0.04058042409442639,-0.4058871715046844,0.3067432086012346,False,False
39,1,15,0.0043507680202540255,-0.43893978305703973,0.4309846471972678,False,False
39,1,16,0.047284283336798655,-0.14150013937822306,0.28833039856550235,False,True
39,1,17,-0.07629594774478232,-0.36338249326996136,0.19723737438656125,False,False
39,1,18,-0.0015534207966891866,-0.2575594771849427,0.1886501561857412,False,False
39,1,19,0.1544574815386458,-0.1392149778821903,0.42579165721172113,False,True
39,1,20,0.0428519963687973,-0.3453439689121702,0.41992986488761563,False,True
39,1,21,0.2690919753220922,-0.014916678969562046,0.4356372445274504,False,True
39,1,22,0.2533331001716659,-0.07824446121198994,0.5649307352488266,False,True
39,1,23,0.07200337938654464,-0.21709036225385817,0.3951769778820964,False,True
39,1,24,-0.07248256293664457,-0.2841458020044091,0.14388493721658713,False,False
39,2,0,-0.081024796516273,-0.4208846383440541,0.28546345970609216,False,False
39,2,1,0.12815341316404194,-0.23462263828212712,0.4584877310465341,False,True
39,2,2,-0.051477938006238594,-0.369466513727713,0.2995647848234682,False,False
39,2,3,-0.13801567675554172,-0.39285527075233345,0.14534946664987217,False,False
39,2,4,-0.1744439257689167,-0.47362081007654216,0.16785234994136797,False,False
39,2,5,0.036378592947298394,-0.21000857915144186,0.44519905876693244,False,True
39,2,6,0.06848675797091947,-0.2248115596163145,0.3567166994061848,False,True
39,2,7,0.05097103478178172,-0.23180346888180967,0.3627093741051472,False,True
39,2,8,0.30380637235193725,0.02710080511023312,0.6156780205832366,True,False
39,2,9,0.10618379446316012,-0.22736096291875108,0.45966266223394503,False,True
39,2,10,0.23554185202810393,-0.012572580155364601,0.48680549142904594,False,True
39,2,11,-0.09737273524052559,-0.39579214728475565,0.24584206452442978,False,False
39,2,12,0.08136256429721567,-0.2384222989857059,0.4732833176886958,False,True
39,2,13,0.17810178869576088,-0.16424868807383936,0.5121704117190696,False,True
39,2,14,0.2664763853252795,-0.023942366387873094,0.5237475336487802,False,False
39,2,15,0.10638773647369315,-0.08166913864447756,0.28545950800538555,False,True
39,2,16,0.1892713622298398,-0.018679417371260675,0.4100627541427925,False,True
39,2,17,0.08096872130468336,-0.16585441973698156,0.31423624358162794,False,False
39,2,18,-0.21300378194884179,-0.5586936292152525,0.14065908606569477,False,False
39,2,19,0.3616685580306212,0.11458148129475379,0.6161550355932448,True,True
39,2,20,0.23609210099115124,-0.021378456345936596,0.5491414109400838,False,True
39,2,21,0.163768954781818,-0.01260884435678972,0.35034275833972744,False,True
39,2,22,0.12858765740876388,-0.1599544710784855,0.4280996974052239,False,True
39,2,23,0.08340903057003209,-0.27869100392633844,0.32798384556773813,False,False
39,2,24,-0.1680921847920041,-0.4012824414316024,0.06259088981653255,False,False
39,3,0,-0.08354941357239962,-0.3517206937018198,0.24319813931618786,False,False
39,3,1,0.08865346319974621,-0.12528153006095474,0.38377963034602763,False,True
39,3,2,0.1726808318581487,-0.00035510215138097036,0.3749379963801241,False,True
39,3,3,-0.12309850319489668,-0.4440695432679046,0.2185433258348642,False,False
39,3,4,0.0490665508342093,-0.224738040263841,0.32433190143358687,False,False
39,3,5,-0.0681566064124719,-0.30714841243786895,0.14900197851297914,False,False
39,3,6,-0.0946884878960314,-0.28002779820659673,0.13851795449463497,False,False
39,3,7,0.23391518000917133,0.053455066527615135,0.44877069598114105,True,True
39,3,8,0.049947790809619474,-0.23307257908571372,0.34783577541177046,False,False
39,3,9,0.22352402930977472,-0.01709353840199912,0.4560342635379458,False,False
39,3,10,0.11566006384665717,-0.1640166713928152,0.4174143823076869,False,True
39,3,11,-0.02464814098215362,-0.22896083606247325,0.18882884374784484,False,False
39,3,12,0.04394624918762374,-0.17754903904460534,0.24546668335236854,False,False
39,3,13,0.01742345086793362,-0.24801582822079662,0.4064645800144015,False,False
39,3,14,0.17292629489861455,-0.12677697447488526,0.4829620079190442,False,True
39,3,15,0.1017541694463655,-0.08723586833514026,0.2967704188144461,False,True
39,3,16,-0.05027874426524284,-0.3873713363345275,0.2800424842193513,False,False
39,3,17,0.3344075606027621,-0.030678126695753927,0.6944962055097538,False,True
39,3,18,-0.1838427842324989,-0.4621123823615421,0.0822663830676288,False,False
39,3,19,0.205864536733525,-0.16297251246598743,0.602236269674405,False,True
39,3,20,0.5216856294157122,0.24849860237934862,0.8107068076647733,True,True
39,3,21,0.21328451023969192,-0.10490916947457152,0.5326706098510665,False,True
39,3,22,-0.2052925255850393,-0.43293035405927366,0.04560324249616561,False,False
39,3,23,0.3954749066385783,0.1468640220414065,0.6566605597072545,True,True
39,3,24,0.3696990981495717,0.062020070461276965,0.5860923723145616,True,True
39,4,0,0.15499032043309668,-0.06361670811028178,0.3834359821454361,False,True
39,4,1,0.20864024334561204,-0.042602126390222865,0.4824624863700363,False,True
39,4,2,-0.011855719574248358,-0.20363494292495055,0.25192866620223625,False,False
39,4,3,0.1817195821748091,-0.11664644380430952,0.5338602799299225,False,True
39,4,4,0.16738385379444598,-0.043497846464815956,0.41084447782277006,False,True
39,4,5,0.2419574858223848,0.0391196123001654,0.4400862776101752,True,True
39,4,6,0.1622300811802862,-0.22406745196775918,0.5653607219664636,False,True
39,4,7,-0.0040290156714734016,-0.22226099446979272,0.2861915569904525,False,False
39,4,8,0.01260942950118249,-0.23954016154572064,0.26845841098856155,False,True
39,4,9,0.3193839133249754,0.08486765265213295,0.5678193201677367,True,True
39,4,10,0.012682309614831244,-0.23464918174730717,0.2736889292707401,False,False
39,4,11,0.25393982344570015,-0.037211451706650724,0.562776254872571,False,True
39,4,12,-0.12988795170928363,-0.388339555534027,0.15525467929764422,False,False
39,4,13,0.018742590905067913,-0.18651948364736867,0.21251895611950997,False,True
39,4,14,0.14645491310572512,-0.11637518975710212,0.4255456534278073,False,True
39,4,15,-0.1468175526431481,-0.4623460197010578,0.13686732390993792,False,False
39,4,16,0.2035415808955523,-0.1526086549550981,0.4665584746438344,False,True
39,4,17,0.4759481671375125,0.10561505124188636,0.7936619101109916,True,True
39,4,18,0.272876764057402,0.044618922859362656,0.5581815386741924,True,True
39,4,19,0.1309448592886288,-0.0837358516518262,0.38613033801958885,False,False
39,4,20,-0.02196937657198611,-0.4000626564030603,0.34927936395564124,False,False
39,4,21,0.40267656353781334,0.1358194673235078,0.7149640471990598,True,True
39,4,22,0.046817672912034924,-0.21757412920780675,0.2870336003406101,False,True
39,4,23,0.22531611512810423,-0.128043686790536,0.5834199188735353,False,True
39,4,24,0.13751373715089843,-0.1080816968018513,0.3767567281088148,False,True
39,5,0,-0.098686482173556,-0.284887682459074,0.13066560364487495,False,False
39,5,1,0.056271978201653305,-0.11919457591985137,0.28885122599561347,False,False
39,5,2,0.07441019687465161,-0.16436516330614329,0.3092765537604732,False,False
39,5,3,0.08908814948227423,-0.2500143733977719,0.35483414977800026,False,True
39,5,4,0.1379193137070297,-0.22381163642988353,0.47542789654875967,False,True
39,5,5,0.24397357927027272,0.03039035559979922,0.47683614247132156,True,False
39,5,6,0.4415032430266234,0.12907255478355958,0.7716420685906547,True,True
39,5,7,0.058002761657568375,-0.284508448750041,0.39846366171435843,False,True
39,5,8,0.03066346350166089,-0.283934216447701,0.35521631275234883,False,True
39,5,9,-0.07765589332873862,-0.39775580557781315,0.21059840606005045,False,False
39,5,10,-0.019721882731855878,-0.3193246470711099,0.21352882905488213,False,False
39,5,11,-0.05480438736505033,-0.27221229251958773,0.16721378645569357,False,False
39,5,12,-0.30118740783763137,-0.5767087580113894,0.03517432632881483,False,False
39,5,13,-0.1292688258609031,-0.3783682251133335,0.17448463662151084,False,False
39,5,14,0.17704442655489017,-0.11503652009487657,0.5123912133437256,False,True
39,5,15,0.09573266377010098,-0.2978911805388953,0.4832745483203835,False,True
39,5,16,0.38973204563879676,0.167377339903075,0.5996311952914567,True,True
39,5,17,-0.16585084599470612,-0.5016394978340122,0.43373996742747173,False,False
39,5,18,-0.03109046331194959,-0.28621560546136504,0.17368236716464328,False,False
39,5,19,0.058851010418995986,-0.18354210062967097,0.2928492733505267,False,True
39,5,20,-0.012277619215364577,-0.29802576197618347,0.23666689133822744,False,False
39,5,21,0.07744760750260543,-0.1135393181754728,0.3226642223397543,False,True
39,5,22,0.2227383657334444,0.008483025113378123,0.47726994386882476,True,True
39,5,23,0.1783026877382528,-0.010551261177664688,0.3981252018788814,False,True
39,5,24,-0.08665263991050004,-0.3147684100561542,0.15568245363616875,False,False
80,0,0,0.05578343910720035,-0.17217756705692036,0.2731239336029672,False,True
80,0,1,0.04295512445234856,-0.15543233939881282,0.2175770085065851,False,True
80,0,2,-0.006816242167112019,-0.24165901915422824,0.21117469535460628,False,False
80,0,3,-0.007518996308902015,-0.26631815659750663,0.23531413954087899,False,False
80,0,4,0.06032855259364672,-0.13983167425812715,0.26003424474457576,False,True
80,0,5,0.16028521838649212,-0.08388365043603414,0.42480278911029884,False,True
80,0,6,0.07145884798581159,-0.15773777219588425,0.3010273594102843,False,True
80,0,7,0.09423689187679118,-0.07639685801565804,0.2918157016118095,False,True
80,0,8,0.07767703106639112,-0.09541042464313698,0.2323272296072812,False,True
80,0,9,0.15173199194237713,-0.021787248471714888,0.3214533889024699,False,False
80,0,10,0.09498978592314572,-0.10401448048414991,0.2932084192745833,False,True
80,0,11,0.021221440249743373,-0.17190286408284497,0.19871731578257593,False,True
80,0,12,0.059988351207718615,-0.16588652835956325,0.2962140954555135,False,True
80,0,13,0.08976781259675809,-0.09012684765099142,0.29551190915823605,False,True
80,0,14,-0.024395029858442607,-0.2109901966712572,0.14916410650940765,False,False
80,0,15,0.3384999398387669,0.1412187493312594,0.5183304831587536,True,True
80,0,16,-0.03673015778901062,-0.25782041977352477,0.21326112448305778,False,False
80,0,17,0.12237540871938268,-0.05859923652318112,0.2924034837976332,False,True
80,0,18,0.2613524264554335,0.051594466045309186,0.49274528188618194,True,True
80,0,19,0.2292594707162242,0.03196919469940573,0.42293902527152955,True,True
80,0,20,0.034288400977976974,-0.14816309190157884,0.2316663134521684,False,True
80,0,21,0.3489286117755038,0.10293053004991408,0.5677743155227628,True,True
80,0,22,0.17953159725309203,0.02731823747486489,0.3530256694272568,True,True
80,0,23,0.3296664614819148,0.11704629194112234,0.5538509604801262,True,True
80,0,24,0.022442963507426306,-0.14957087357281312,0.18749229570432538,False,True
80,1,0,0.029957114438052046,-0.16977074520689991,0.24204845256754973,False,True
80,1,1,-0.11834814556523482,-0.2980507661444129,0.05838268416225343,False,False
80,1,2,0.17075344368151912,-0.03343570471891843,0.4358639799508208,False,True
80,1,3,-0.007086931559294796,-0.20022439569086603,0.19199862202662915,False,False
80,1,4,0.17291559534301032,-0.07861597117446799,0.416173870194282,False,True
80,1,5,-0.03666323536684779,-0.2677515651530003,0.21445715760151968,False,False
80,1,6,0.20792241879663007,-0.026039181108658885,0.47584560127006614,False,True
80,1,7,0.3264757332108737,0.07731035841429203,0.54616093133057,True,True
80,1,8,-0.11469605129437649,-0.3266727765078909,0.1008444620321982,False,False
80,1,9,0.08067592616744909,-0.1703068206277554,0.28349046083839274,False,True
80,1,10,0.03949716590115121,-0.21644789351303706,0.22855772162945465,False,False
80,1,11,0.16457336152302138,-0.03729656295380361,0.39680235271027225,False,True
80,1,12,-0.11171578733821508,-0.33792374552976606,0.11791805445029836,False,False
80,1,13,0.10621273140832649,-0.08340383569312346,0.3046965622760521,False,True
80,1,14,0.046576798994272584,-0.12755315500575587,0.23575064431222933,False,True
80,1,15,0.28051003683098313,0.0633853120891233,0.5518410568047649,True,True
80,1,16,-0.2507746202747876,-0.4648395048969519,-0.06002514365267911,False,False
80,1,17,0.11712878534143506,-0.038869188498808785,0.2908107525673088,False,True
80,1,18,0.1617566374465566,-0.05547429798438963,0.38751882391589676,False,True
80,1,19,0.19257849609191818,0.031037099316642548,0.38303007992102983,True,True
80,1,20,0.12989456049680126,-0.0937199053501805,0.37135032407455026,False,True
80,1,21,-0.16288931456244535,-0.40329657933687074,0.0732276082363086,False,False
80,1,22,0.2841077456346652,0.0401252966448371,0.5008456297577559,True,True
80,1,23,0.3417137416767486,0.1361913271960745,0.5471692732609709,True,True
80,1,24,0.04951949979336956,-0.1395633861367234,0.2980883981937156,False,True
80,2,0,-0.09959797731524533,-0.2843786628797074,0.08192139653054996,False,False
80,2,1,0.0592638829075465,-0.18516487010420826,0.2551577775658439,False,True
80,2,2,0.025758186330156807,-0.14519526639697744,0.2013639564462702,False,True
80,2,3,0.02868981907882112,-0.16956145834412856,0.26523940718058686,False,True
80,2,4,0.21390915009580125,-0.058801700577023275,0.4677844338123299,False,True
80,2,5,0.10313711868967007,-0.023255490327240506,0.25641621844450957,False,True
80,2,6,0.14885795087891748,-0.02324042909344917,0.3379657299671955,False,True
80,2,7,0.1823521514132994,-0.041609412244355305,0.40038057827068285,False,True
80,2,8,0.09169212067821264,-0.08083717639788343,0.24739051918932206,False,False
80,2,9,0.04611281193800043,-0.190558600521073,0.24814095469091857,False,True
80,2,10,0.04365348123377798,-0.1564909478862854,0.24522279651950016,False,True
80,2,11,-0.06030280462655718,-0.2860722135378033,0.1699353323377231,False,False
80,2,12,0.16714714121089952,-0.0565971271615501,0.4047545959085285,False,True
80,2,13,-0.10557878307316479,-0.3047042290491163,0.08386107909835237,False,False
80,2,14,0.2147804207154786,-0.011952280059838073,0.44437418444677457,False,True
80,2,15,0.022147815228079792,-0.12009584145397173,0.18437340579413783,False,True
80,2,16,-0.049684476497049546,-0.22330864343222312,0.15539406409949785,False,False
80,2,17,0.22872676267687936,0.0011325920941810245,0.4483807237641713,True,True
80,2,18,0.06100342814819304,-0.13874176638265873,0.28617826231008386,False,True
80,2,19,0.1544879087887027,-0.05905550822077565,0.38655803616426265,False,True
80,2,20,0.014814502313656552,-0.21788981434651425,0.2588694901954025,False,True
80,2,21,0.03468321643015432,-0.1430428918477735,0.2611838324870065,False,True
80,2,22,-0.18330642701908728,-0.3806029062050083,0.018859186008897365,False,False
80,2,23,0.0295509861433374,-0.2044588758340457,0.24685277275660708,False,False
80,2,24,0.2560735409186903,0.040400280581893294,0.47667654195271597,True,True
80,3,0,0.05715814486727816,-0.13691286509941897,0.2649120958019933,False,True
80,3,1,0.09677971975032923,-0.08531097413260556,0.2833062625694784,False,True
80,3,2,0.12281046314960375,-0.09733437050455021,0.33395626661511374,False,True
80,3,3,0.010278874473440502,-0.167040543268142,0.22929837854874274,False,True
80,3,4,0.22854158878858566,0.012886870834871169,0.46544533128118365,True,True
80,3,5,-0.07800699465142097,-0.2991020442003768,0.13746571300582533,False,False
80,3,6,0.10440653525706606,-0.10004245595569175,0.3126857464175013,False,True
80,3,7,0.25702865536175545,0.050293813022060846,0.5025216638909505,True,True
80,3,8,0.11527164769858217,-0.09337168699342024,0.3078822459312157,False,False
80,3,9,0.04265893101241053,-0.26283566446610035,0.33608472772920667,False,False
80,3,10,0.17863213912722226,0.0062769869571512905,0.342221847276681,True,True
80,3,11,-0.1251499576850909,-0.3282189570693439,0.1567031459833383,False,False
80,3,12,0.03377618292689882,-0.19622631558578074,0.2752173824088616,False,True
80,3,13,0.1496423413187007,-0.0629950916811611,0.33020646609975923,False,True
80,3,14,0.1813590994374491,0.00601242355259125,0.3743437211402349,True,True
80,3,15,-0.08690888926091048,-0.24858933316995735,0.09571155036042638,False,False
80,3,16,-0.20393827695562278,-0.4106655813878066,0.05068613005325105,False,False
80,3,17,0.12401969468927304,-0.08571645532927805,0.35904949200553327,False,True
80,3,18,0.10509639840818952,-0.06875016741911671,0.28123806827351905,False,True
80,3,19,0.19353465868273734,-0.05297605919088511,0.43466545064001516,False,True
80,3,20,0.18865789862745191,-0.009185691925445775,0.3977358131747489,False,True
80,3,21,0.017000864330262655,-0.22102492467454907,0.2481366261027529,False,True
80,3,22,0.17467742876208858,-0.06854395955712958,0.3894326701779831,False,True
80,3,23,0.046326862442132966,-0.16904970715090398,0.2712774864070079,False,True
80,3,24,0.14981852767827222,-0.05660419249394454,0.35755620059277105,False,True
80,4,0,0.16808376267887915,-0.07005141362843974,0.40653400018821556,False,True
80,4,1,0.15032933088809608,-0.061265242479130205,0.3946738830058475,False,True
80,4,2,0.048207580423475505,-0.08922014468934271,0.17979212130222638,False,True
80,4,3,0.061364208256318054,-0.15106388651205474,0.2489286413665838,False,True
80,4,4,0.006268891017204736,-0.15990278039361644,0.19001747840532046,False,False
80,4,5,0.11821236701404458,-0.08536364283951982,0.31494789939451356,False,True
80,4,6,0.07589046788049408,-0.10940377337194986,0.3010852664524721,False,True
80,4,7,-0.09287058784014096,-0.2562147520986061,0.10290893766775533,False,False
80,4,8,0.03968701798099755,-0.16677057059091002,0.26969818583237165,False,True
80,4,9,0.22979308414951327,0.01860556975710631,0.45751049404070715,True,True
80,4,10,0.08024994154401666,-0.07792476269763436,0.258612058769601,False,True
80,4,11,0.05656739047895287,-0.09696525276515815,0.2533624098022008,False,True
80,4,12,0.07584724896475892,-0.10623719580388415,0.24201970959054367,False,True
80,4,13,0.13584408516779284,-0.06632324702234305,0.35248019959901217,False,True
80,4,14,0.10640349274451844,-0.059160410208368014,0.26387120743962666,False,True
80,4,15,0.034008483761424846,-0.1265747024686535,0.22117348406518067,False,True
80,4,16,0.07901367545742988,-0.03977318147792868,0.21650334670260135,False,True
80,4,17,0.2634602624541485,0.04829895516322361,0.4766586564443528,True,True
80,4,18,-0.09053648627197874,-0.2809253809739043,0.08356067212046502,False,False
80,4,19,0.1180184373020628,-0.11876364093502825,0.2924484594807809,False,True
80,4,20,0.24415226118553512,0.05048732495853049,0.42972794415734883,True,True
80,4,21,0.20039474648737537,0.01770796628958792,0.37942363974322085,True,True
80,4,22,0.19071931558333327,0.003957342886291893,0.4410436267633864,True,True
80,4,23,0.19762464589896855,0.012289869653162065,0.3829442043015227,True,True
80,4,24,0.21265662269878655,-0.017299048109883967,0.43678717044435417,False,True
80,5,0,0.2049277375756085,-0.03853856206491434,0.4367120775564019,False,True
80,5,1,0.03640711393758078,-0.1591855732633086,0.23046189605497153,False,False
80,5,2,0.15479074611541704,-0.016288718007336462,0.35013152026854416,False,True
80,5,3,0.11090459772206701,-0.15750065274036715,0.37409534955086826,False,True
80,5,4,-0.23884132194751673,-0.44952431465567166,-0.038347320055612255,False,False
80,5,5,0.27251144994110676,0.06772321760262791,0.44353992304480866,True,True
80,5,6,0.15150591568923083,-0.07698933091341764,0.3695312773725829,False,True
80,5,7,0.17615468655041072,-0.009426327482099242,0.38722237392978875,False,True
80,5,8,0.038129903393064046,-0.14857293027121418,0.21338525585329943,False,True
80,5,9,0.1690413741205798,-0.00014511473316966388,0.35167431862444015,False,True
80,5,10,0.2756725212297599,0.0647772917660652,0.4841000994900892,True,True
80,5,11,0.2495404959086857,-0.013234421602772205,0.47174768391762717,False,True
80,5,12,0.06221439743835677,-0.13254003150548035,0.30010212653026574,False,False
80,5,13,-0.004289250604511685,-0.23723508687474387,0.2214001206590426,False,False
80,5,14,0.0678882729055843,-0.1124353681091592,0.29136166015381987,False,True
80,5,15,0.01098518865179976,-0.12485168333014501,0.16752597131387464,False,False
80,5,16,0.30777055631494943,0.10266035746365063,0.5117986387562494,True,True
80,5,17,0.09994549067914044,-0.08908003667997733,0.31448792238801737,False,True
80,5,18,0.022856060431149905,-0.12990109920678564,0.20033942191882775,False,True
80,5,19,0.19795502610112853,0.015912064069988675,0.3940998668955807,True,True
80,5,20,-0.08896606921910372,-0.30159903699773033,0.11216371288451048,False,False
80,5,21,-0.08116151639287777,-0.3138994052248653,0.12361646883346869,False,False
80,5,22,0.13261326127141404,-0.08622994560803138,0.3248119793822154,False,True
80,5,23,0.1731684964309927,-0.0033104655596538656,0.32696111996770183,False,True
80,5,24,0.033880146515524234,-0.16662674157937488,0.25240005927513787,False,True
160,0,0,0.17089899754312138,0.04417574567956231,0.2933801375145968,True,True
160,0,1,0.1268714223909429,-0.03910641273057561,0.28066997941689587,False,True
160,0,2,0.07755411649890426,-0.04523323153887899,0.19089665793973415,False,True
160,0,3,0.17637120858056632,0.03630218073455112,0.31917361437993597,True,True
160,0,4,0.14924466007602993,0.047106772175636066,0.28375762262310844,True,True
160,0,5,0.06795647795389603,-0.10246413020795184,0.20786154951768435,False,True
160,0,6,0.03498820418883619,-0.10235941908723882,0.2019029706307448,False,True
160,0,7,0.055498954983206006,-0.08991975066280573,0.19073690972230734,False,True
160,0,8,0.19686391635987066,0.06699429580486187,0.3115214255852505,True,True
160,0,9,0.07660718284199436,-0.06586390809798191,0.23051837989763105,False,True
160,0,10,0.10253190805339013,-0.009375208591221635,0.22274673952654497,False,True
160,0,11,0.08635983624715621,-0.028495959169477093,0.20815401019844781,False,True
160,0,12,0.11670984846461324,-0.006472452216918471,0.23106010615417388,False,True
160,0,13,0.015546182082977034,-0.1526198425581355,0.15606644189756608,False,True
160,0,14,0.10989591701041457,0.0006813195112598902,0.21281851087319664,True,True
160,0,15,0.01607099125927608,-0.10709859765394061,0.143276779803878,False,True
160,0,16,0.07745332750874284,-0.05100870295636165,0.23108894400681543,False,True
160,0,17,0.07979419250883968,-0.0662764784886116,0.22860220354407768,False,True
160,0,18,0.05446200010125268,-0.06125918445960859,0.18634124221681417,False,True
160,0,19,0.0853616678484953,-0.07879332568978077,0.2187359870323835,False,True
160,0,20,0.24239728749489847,0.10732009259577063,0.3871520299110606,True,True
160,0,21,0.07698218394106798,-0.037332008264000315,0.20440693730254134,False,True
160,0,22,0.11237937483989036,-0.04368576791988954,0.24745322042205425,False,True
160,0,23,0.15308144928952705,0.0045039296221030135,0.29561680736333956,True,True
160,0,24,0.10763226421832323,-0.014446365507961455,0.24594232556715334,False,True
160,1,0,0.11102143668159195,-0.05172972638200264,0.26702742165604154,False,True
160,1,1,0.22303420001265145,0.07863297573502122,0.36497549603615825,True,True
160,1,2,0.14142896941399133,0.0038993438416593945,0.27523501298643915,True,True
160,1,3,0.1291685033180282,-0.012188681375409235,0.2763911441067607,False,True
160,1,4,0.06726146057909155,-0.048419280320202256,0.19377270680189745,False,True
160,1,5,0.0727094565427131,-0.0716944547301151,0.20991154297995532,False,True
160,1,6,0.1674782084062042,-0.010417201449909706,0.3336459345747262,False,True
160,1,7,0.07846362976080276,-0.07476903799222766,0.22233137068092687,False,True
160,1,8,0.16969081713482784,0.012141310802099861,0.3376605260662302,True,True
160,1,9,0.05734138769062014,-0.06887053612901846,0.18889706358042027,False,True
160,1,10,0.20648180367279262,0.05527530092360634,0.35858150625819146,True,True
160,1,11,-0.009171252471786961,-0.13987447485782842,0.13886294123251564,False,False
160,1,12,0.07100451394792767,-0.052485402823642065,0.1884596537566757,False,True
160,1,13,0.13476448947406627,0.010346145228110082,0.24599424381607518,True,True
160,1,14,0.053954268626994706,-0.08110511156028186,0.18619751318044747,False,True
160,1,15,0.07528595931972093,-0.07180621111296354,0.23381689642883471,False,True
160,1,16,0.11321757167856539,-0.04409800908639728,0.2881640253946289,False,True
160,1,17,0.07423568878438727,-0.07496439872084511,0.2518682392149001,False,True
160,1,18,0.1860980009634422,0.032545517127616455,0.3303229174270788,True,True
160,1,19,0.043350174157170185,-0.07433437600084628,0.18660011825473447,False,False
160,1,20,0.03870538333834944,-0.11344823586756338,0.1773543826406532,False,True
160,1,21,0.02405551431222608,-0.1272531842296572,0.19398764323289638,False,True
160,1,22,-0.02363654543653937,-0.16627055350259737,0.12640749622330993,False,False
160,1,23,-0.018564468782622218,-0.18515145597091695,0.12947640007080766,False,False
160,1,24,0.14849863881788372,-0.0021335875693973055,0.30008733673382304,False,True
160,2,0,-0.04788592813836501,-0.20814924993721284,0.10652893483382044,False,False
160,2,1,0.0457842058227339,-0.0927611877601069,0.18623674311725275,False,True
160,2,2,0.06292471881072376,-0.10128112239389402,0.21519807675286873,False,True
160,2,3,0.07125789082185513,-0.06699408208239098,0.18674664253325585,False,True
160,2,4,0.042386173243922576,-0.10224754175482935,0.20533655357699923,False,True
160,2,5,0.25535535945325327,0.10062876489514683,0.4225247687095739,True,True
160,2,6,0.030050770717446607,-0.128005252954896,0.1849156943031168,False,True
160,2,7,0.09041899435195222,-0.03626955501204111,0.2318200307932887,False,True
160,2,8,0.1290533398115582,-0.01992229261327606,0.2874506662233778,False,True
160,2,9,0.06009488612541816,-0.07130204062387652,0.19035055778303633,False,True
160,2,10,0.17520473537950193,0.043182255493806165,0.3083440714296394,True,True
160,2,11,0.06066999003337015,-0.09639836434690878,0.23611219223218868,False,True
160,2,12,0.07955917069028073,-0.06457964814248143,0.24006008328044418,False,True
160,2,13,0.11049364699962949,-0.012004489641073573,0.2309884316191676,False,True
160,2,14,0.01759345708269544,-0.1426153113425211,0.1865476278973013,False,False
160,2,15,0.05181722555519197,-0.08825660529617375,0.17908174295531035,False,True
160,2,16,0.09883595150635555,-0.059448635182766635,0.2486157113800064,False,True
160,2,17,-0.04035559274127776,-0.17883918726539483,0.13291888612138492,False,False
160,2,18,0.08529433794318708,-0.05940607343926844,0.2428483554394694,False,False
160,2,19,0.05103057472709982,-0.08413027951162708,0.1930581690498604,False,True
160,2,20,0.13089605412647948,-0.012378573682430238,0.2714150208969314,False,True
160,2,21,0.1000470420221573,-0.06193448617466857,0.2725660204832256,False,True
160,2,22,0.011123319136026266,-0.11656169524855044,0.15206040880790156,False,True
160,2,23,0.09769107144351064,-0.03582934618724034,0.2569051517349648,False,True
160,2,24,0.10370022421540515,-0.03945065736249124,0.2661813532982208,False,True
160,3,0,-0.18360193836259708,-0.3320750234928245,-0.02476176736274642,False,False
160,3,1,0.05279689377943708,-0.07091642942025651,0.16709187115635887,False,True
160,3,2,-0.007767993812464236,-0.1615569484587106,0.13374903886755604,False,False
160,3,3,0.11112918323515747,-0.04961568123450357,0.29600016740700347,False,True
160,3,4,0.04637953885512458,-0.12165332168676975,0.19795775235789687,False,True
160,3,5,0.08655829927818132,-0.08268019657830702,0.25112465373673576,False,True
160,3,6,0.22312219410314466,0.06443892100009954,0.36301151817502525,True,True
160,3,7,0.12440227942244081,-0.016596922805275097,0.28155033373771055,False,True
160,3,8,0.0357681981233926,-0.1075723476122599,0.18807060094114347,False,True
160,3,9,0.07814274486854966,-0.04183130797006714,0.21717014989342517,False,True
160,3,10,0.04445005266766133,-0.11917392483290667,0.20918145973779775,False,False
160,3,11,0.17997767246884078,0.053725115265909756,0.3292441387106922,True,True
160,3,12,0.0037063538218429226,-0.1455604344251896,0.14603767676551477,False,True
160,3,13,0.12679880250295839,-0.05588386801728336,0.3152084184869687,False,True
160,3,14,0.011972290468298008,-0.13726104656515364,0.14022098541524058,False,True
160,3,15,0.16780343110895318,0.013813634328018057,0.3221638354178056,True,True
160,3,16,0.1941589493761069,0.048916027799377565,0.3785034269634164,True,True
160,3,17,0.11400470395921036,-0.05449752071555876,0.27305412710573707,False,True
160,3,18,0.069270126631586,-0.06487780500791954,0.21624296445364655,False,True
160,3,19,0.1024149604285439,-0.07368042394753607,0.28170805949022126,False,True
160,3,20,0.100606894190016,-0.03547494136273419,0.23409353562381363,False,True
160,3,21,0.08528656099489823,-0.04847301316820803,0.21661158048676557,False,True
160,3,22,0.13407753668646444,0.006749900661388565,0.2659943063670371,True,True
160,3,23,0.08567368148245175,-0.045508042575546824,0.2140854123204224,False,True
160,3,24,0.03640519661375763,-0.09317441780375765,0.18659849976777362,False,True
160,4,0,0.13573069982395264,0.019004319283324488,0.256027041214765,True,True
160,4,1,0.2016862050128705,0.07218673439454244,0.36138418684566853,True,True
160,4,2,0.10919402243783571,-0.0337044218338343,0.24853184705909742,False,True
160,4,3,0.20745657558384706,0.05571803417519139,0.36241839966127,True,True
160,4,4,0.13541823038827433,0.011013225200674017,0.2556503047220047,True,True
160,4,5,0.12630119023801262,0.0017998192851485133,0.2531277596434575,True,True
160,4,6,0.07595693584456847,-0.03886636219526697,0.20962959293375055,False,False
160,4,7,0.12457877196905387,0.018618184333179078,0.24676223861603355,True,True
160,4,8,0.15237719449408,0.006929717756503624,0.29858485884464997,True,True
160,4,9,0.23004803568896043,0.10153683164539345,0.3639339559401193,True,True
160,4,10,0.1887911143860081,0.0330343530918427,0.34178068086098556,True,True
160,4,11,0.06744684389848626,-0.03509633665264777,0.20467748399504185,False,True
160,4,12,0.23133350527824886,0.07936122262331481,0.3914965100846725,True,True
160,4,13,0.0967632776079988,-0.01825199355802523,0.2145226198106434,False,True
160,4,14,0.18739448774399348,0.06298428741099933,0.34200872657623443,True,True
160,4,15,0.044477014886124155,-0.0755936330736243,0.17198955261528187,False,True
160,4,16,0.13912714079358862,-0.007881451535302326,0.2572526638827179,False,True
160,4,17,0.0654372189660527,-0.055601926810489255,0.1777870002438872,False,True
160,4,18,0.09235289387979961,-0.020472140562743452,0.2242185975127339,False,True
160,4,19,0.22340289967193205,0.07770291296688503,0.36002991069930945,True,True
160,4,20,0.027420067828644035,-0.1248435933253909,0.16512053608088073,False,True
160,4,21,0.09922594970046905,-0.037522916466945194,0.27100330237435905,False,True
160,4,22,0.166918403763808,0.02491845006829092,0.31497818081793155,True,True
160,4,23,0.11343899145166914,-0.0016510137127604602,0.2563348558223616,False,True
160,4,24,0.22345913837889742,0.10206834067982554,0.35768279194163166,True,True
160,5,0,0.1944447168605815,0.01772616559505551,0.3477023776357,True,True
160,5,1,0.14523408313809277,0.008440417063269949,0.3038486044555439,True,True
160,5,2,0.017184377982981724,-0.11803280715924165,0.13284806430173823,False,True
160,5,3,0.14275711584979367,0.008469798936831006,0.28249321182645487,True,True
160,5,4,0.07973216000047922,-0.119152723758213,0.28730640998235707,False,True
160,5,5,-0.10113566546990194,-0.2488678133091984,0.03611223844516268,False,False
160,5,6,0.05445762354993944,-0.1029551959034257,0.21000875883722067,False,False
160,5,7,0.15255977161386863,0.01636604244861045,0.2895707705203097,True,True
160,5,8,0.22179620914990084,0.07449729210834682,0.3433951166305682,True,True
160,5,9,0.12981694843779668,0.004111536726503607,0.27554121879354215,True,True
160,5,10,0.20970845203697785,0.050109662098111005,0.3908340686152384,True,True
160,5,11,-0.015414543454258967,-0.16327498555925316,0.12195734821625387,False,False
160,5,12,0.021807980895405144,-0.15906843680855723,0.2147056308899562,False,True
160,5,13,0.08950758573444229,-0.05133217119041027,0.2274095816521701,False,True
160,5,14,0.18653378987142133,0.03457977108731655,0.3416908057418489,True,True
160,5,15,0.09762218565151778,-0.060405523816182416,0.24626300356656836,False,True
160,5,16,0.0996686292646361,-0.020770369174953895,0.2334486707334461,False,True
160,5,17,0.2207790573717525,0.04569845050783016,0.38424305759030264,True,True
160,5,18,0.18254652355225698,0.017496082476655097,0.33499400376822447,True,True
160,5,19,0.02871047895103368,-0.11949175277916266,0.17977329571958064,False,True
160,5,20,0.057275326656792525,-0.09368899994963646,0.23681972950967298,False,False
160,5,21,0.05745714588071141,-0.07241659518502144,0.19868350682517794,False,True
160,5,22,0.1129896859292776,-0.04258306430834326,0.26064084678413235,False,True
160,5,23,0.19661291788179325,0.0624383230962705,0.3347818201977207,True,True
160,5,24,0.05976335615796158,-0.09707538058374958,0.21863641443220425,False,True
320,0,0,0.0663138984620722,-0.010777916459594113,0.15848123741087355,False,True
320,0,1,0.14007869030417874,0.041794092554393134,0.25329030308623757,True,True
320,0,2,0.1400027304288627,0.02992077868391533,0.2496818841068449,True,True
320,0,3,0.11646818844738371,0.02586200282569068,0.23774571833004418,True,True
320,0,4,0.12776600831644758,0.028150548356352664,0.22419228302419295,True,True
320,0,5,0.12230230961515604,0.030570672846817373,0.22147347853048405,True,True
320,0,6,0.09401595126249535,0.009070064366744233,0.18699351065335443,True,True
320,0,7,0.06412291987662233,-0.03701561098407044,0.1660761337535287,False,True
320,0,8,0.21985750252157,0.11330728457556447,0.3208065753961633,True,True
320,0,9,0.10955877275762166,0.011361415570693804,0.21119674108646813,True,True
320,0,10,0.12755563423561478,0.038530351809824566,0.22417255302883096,True,True
320,0,11,0.09160897567961573,-0.012637494091535636,0.19205764309329604,False,True
320,0,12,0.04505248084255109,-0.0547888435893549,0.12938414305753793,False,True
320,0,13,0.10862416932424385,0.006820670739666714,0.18792298457790646,True,True
320,0,14,0.17484318396662296,0.06436163817820685,0.2977301758621285,True,True
320,0,15,0.14223729408897862,0.02219000745856831,0.2582570091951575,True,True
320,0,16,0.13940354401049426,0.03255295724784835,0.22996271166080673,True,True
320,0,17,0.0659134243518863,-0.030801139293117587,0.16303661333151018,False,True
320,0,18,0.12480530668322054,0.026312490096599733,0.22398653705162183,True,True
320,0,19,0.005744889879192805,-0.07776656010409409,0.10043039552613284,False,True
320,0,20,0.07674199479450639,-0.005943173524494381,0.16568694787614963,False,True
320,0,21,0.08214049009223462,-0.01666549336182117,0.18343445776139972,False,True
320,0,22,0.06580134214796668,-0.02279071130631174,0.15371838200808438,False,True
320,0,23,0.1516768243820854,0.04160126140897717,0.2462753758085642,True,True
320,0,24,0.0924490758972944,-0.005836900839263919,0.19866575349655718,False,True
320,1,0,0.09930108809684912,-0.0005789807609826855,0.19685199076383406,False,True
320,1,1,0.04025515526410328,-0.07457669581914325,0.15301780945217422,False,True
320,1,2,0.08815282805201335,-0.012717725850142438,0.20763128606397108,False,True
320,1,3,0.18641215767198532,0.09419836845080393,0.2922037602326976,True,True
320,1,4,0.05766696409435021,-0.051593306725943956,0.16688748838509804,False,True
320,1,5,0.10432128303594115,-0.0009321925681163485,0.21403870726377197,False,True
320,1,6,-0.044341152429745234,-0.13928709694755587,0.06372091698819334,False,False
320,1,7,0.060643433776203626,-0.05162284206829773,0.16666919144838135,False,True
320,1,8,0.07528328155537661,-0.03130847604493979,0.17656540880819946,False,True
320,1,9,0.19793005747242187,0.10902108240874274,0.2973183345918349,True,True
320,1,10,0.1674180590613849,0.0738351230527612,0.255331230459714,True,True
320,1,11,0.09184395666362383,-0.01640310489339783,0.20521706495838699,False,True
320,1,12,0.02863027372061705,-0.07448348665439071,0.12359135850811866,False,True
320,1,13,0.03103182161572482,-0.05912762073561809,0.12461008515351413,False,False
320,1,14,0.09829898494408862,-0.015232687219897019,0.2110239846877232,False,True
320,1,15,0.08685136551943134,-0.012084858267417776,0.19276147528587387,False,True
320,1,16,0.11870341797158498,0.011878049267764552,0.2170817095040519,True,True
320,1,17,0.00811464538764578,-0.08294771277670047,0.11416126275314255,False,False
320,1,18,0.16569222178113757,0.05696763257828533,0.26721202293420493,True,True
320,1,19,0.22014502080166123,0.11748263359184795,0.3298310447139692,True,True
320,1,20,0.07060655428158089,-0.03611360069877989,0.1886644400567814,False,True
320,1,21,0.17397065747763324,0.06976790184701646,0.2791894521833865,True,True
320,1,22,0.14287396793999102,0.03006052827454499,0.24332052144666105,True,True
320,1,23,0.17312666294724044,0.05311309941726217,0.30331135167846235,True,True
320,1,24,0.0779786310415646,-0.01632402157872549,0.1644941424011301,False,True
320,2,0,-0.05000095894444795,-0.15198236820655006,0.064861605989479,False,False
320,2,1,0.1246777828019478,0.016547517312533035,0.2383412475542341,True,True
320,2,2,0.08787062389972106,-0.009912292749733997,0.19404856584721392,False,True
320,2,3,0.13236717174496532,0.03262227720784582,0.24589893059813273,True,True
320,2,4,0.08681712489193288,-0.02167203660163208,0.21613955868800597,False,True
320,2,5,0.10810094608530307,0.01636370887362194,0.18936583488621822,True,True
320,2,6,0.08394587801105596,-0.02932925285742148,0.19851452204732642,False,True
320,2,7,0.07126637524012086,-0.01862212311364383,0.1677900185873774,False,True
320,2,8,0.07194680287469157,-0.0378196275376965,0.17854842761465378,False,True
320,2,9,0.16766052763307007,0.04023779407945067,0.2791362574307534,True,True
320,2,10,0.1575666559145568,0.037427250786698556,0.2792524180910999,True,True
320,2,11,-0.014253635349099125,-0.1304573946256619,0.08905229680071255,False,False
320,2,12,0.05420599246301916,-0.05049191957992181,0.154542443168393,False,True
320,2,13,0.07688061083654579,-0.013756145787878862,0.16722240930070206,False,True
320,2,14,0.08629146676173644,-0.024825069874833645,0.19443774825761043,False,True
320,2,15,0.05865109737040619,-0.03238156701932225,0.16562325386297994,False,True
320,2,16,0.10435975452097973,-0.01825287691909977,0.2128382790591174,False,True
320,2,17,0.08379359083447357,-0.009455702767255601,0.17035413196304156,False,True
320,2,18,0.08454660211645942,-0.025832415640110424,0.18356434606061045,False,True
320,2,19,0.056301833210219865,-0.035617810179527476,0.14806919089530704,False,True
320,2,20,0.12508810078468918,-0.00032798268200181,0.23158426896098297,False,True
320,2,21,0.05016760541974058,-0.0731716248325752,0.15425115645415274,False,True
320,2,22,0.16361091360750882,0.03536085575011248,0.27101736282664013,True,True
320,2,23,-0.11349164677717533,-0.22866276233359684,0.0027297920263591774,False,False
320,2,24,0.06556667764663432,-0.05555837690561582,0.19812805469085065,False,True
320,3,0,0.061091072993838924,-0.03830388658618528,0.1620068806867868,False,True
320,3,1,0.12743941661638242,0.014349918041058275,0.24054311323062405,True,True
320,3,2,0.13967385489625012,0.03978162434230483,0.23832001411587547,True,True
320,3,3,0.08751497159303995,-0.011262411329562511,0.1852265610925964,False,True
320,3,4,0.07764997115105154,-0.00948040367428443,0.16832296236181502,False,True
320,3,5,0.16010765166163562,0.03346215330543513,0.27797663454405475,True,True
320,3,6,0.032855310665964366,-0.062418257673179565,0.13635752314351363,False,True
320,3,7,0.11620644219951487,0.022006509904603438,0.22456442776237812,True,True
320,3,8,0.17593248670769362,0.06457535851134771,0.27266555932506287,True,True
320,3,9,0.11213045696655072,0.004451144709404444,0.20599042161261538,True,True
320,3,10,0.07482050068856005,-0.022042980956171104,0.1781391709494618,False,True
320,3,11,0.10844439966098618,0.003984735424444078,0.21431588088052028,True,True
320,3,12,0.12146040973706601,0.03381289968030198,0.23461619964349922,True,True
320,3,13,0.14807714121522997,0.05908754177571313,0.2492344517929111,True,True
320,3,14,0.14477268562256063,0.04323264764533464,0.2427604575542137,True,True
320,3,15,0.15767798979551967,0.050654000368668746,0.280942163212288,True,True
320,3,16,0.0525867151476071,-0.0392886847772526,0.15630810073840629,False,True
320,3,17,0.11688953631944377,0.0010873366563149702,0.22234001004508167,True,True
320,3,18,0.051653884230188296,-0.048221573064832504,0.16489509602179325,False,True
320,3,19,0.0443841467062952,-0.04633946989536699,0.1427211700539176,False,True
320,3,20,0.1026979004152922,0.0022082155076085137,0.19325797093075853,True,True
320,3,21,0.09420876778895076,-0.009628961607215977,0.2029286840371572,False,True
320,3,22,0.0094106846775881,-0.09981852466599579,0.12097825555785625,False,False
320,3,23,0.11970281098396329,0.024922856968726648,0.21208132061467064,True,True
320,3,24,0.07070101475929463,-0.01573355174865116,0.1590896731754384,False,True
320,4,0,0.12754696508056407,0.0458843148112464,0.22004367242026704,True,True
320,4,1,0.17556152259472774,0.08469747261990325,0.26910399060813617,True,True
320,4,2,0.049473866954609536,-0.041833918039812776,0.14217157101130193,False,True
320,4,3,0.0881591336713598,-0.0019918546169034024,0.180724198469598,False,True
320,4,4,0.21110905361061516,0.10524349871272477,0.31796364932257526,True,True
320,4,5,0.059217470591426735,-0.03936757399651228,0.1735104534173649,False,True
320,4,6,0.07632159281056133,-0.012174879411639705,0.16410974197757186,False,True
320,4,7,0.11614728754587544,0.014008372986846642,0.2196617116109212,True,True
320,4,8,0.06320974203968527,-0.04340544376558805,0.17018626167062503,False,True
320,4,9,0.11364580160804294,0.016622552074982835,0.1994147781990826,True,True
320,4,10,0.16496594768147116,0.0673098115510383,0.26419224083108855,True,True
320,4,11,0.11315192023286058,0.021573660463798234,0.19181257781379926,True,True
320,4,12,0.21904148390590022,0.1113019518501343,0.3116323764412813,True,True
320,4,13,0.16745715323257415,0.06856554029676672,0.2663431761614848,True,True
320,4,14,0.10748766511957403,0.01891538612639742,0.2058288874471203,True,True
320,4,15,0.1271015225558917,0.0363499749028567,0.2169292619464394,True,True
320,4,16,0.05344201639468127,-0.03929839837055237,0.14117500559178134,False,True
320,4,17,0.20386498765022248,0.10753224552373103,0.29484686174229735,True,True
320,4,18,0.1541102684494257,0.0593712385067345,0.2448209957293486,True,True
320,4,19,0.0963134951082269,0.00022316989998744417,0.18651331479344505,True,True
320,4,20,0.12156171191950593,0.02253192219067874,0.2206994878515602,True,True
320,4,21,0.0812883595775471,-0.014585760579355206,0.17966251302725167,False,True
320,4,22,0.042251527464465644,-0.05984799471609481,0.14014171531824085,False,True
320,4,23,0.07626269620057874,-0.027169838649907643,0.17312671887016234,False,True
320,4,24,0.13773135105770395,0.04387988381504837,0.22385421882729814,True,True
320,5,0,0.08248713991374662,-0.030347045796680964,0.18901012575371742,False,True
320,5,1,0.017631700955088925,-0.10571122175070317,0.11765011599887112,False,True
320,5,2,0.11213990466948914,0.015623127722344731,0.21278811113056695,True,True
320,5,3,0.06880251928361869,-0.024916472784834724,0.16542523183469485,False,True
320,5,4,0.08111506538126106,-0.02993339180068747,0.19800595095534243,False,True
320,5,5,0.058918702563312414,-0.047805587040527744,0.1662232913740337,False,True
320,5,6,0.11057697001305439,0.005312470233938356,0.2042137846477299,True,True
320,5,7,0.1655780722153659,0.06769671500699823,0.2697640523479835,True,True
320,5,8,0.05116834052812719,-0.058975631334058885,0.15780962477866115,False,True
320,5,9,0.15277023048686272,0.05564489508362531,0.24104420487355566,True,True
320,5,10,-0.04259325001020625,-0.1374422791239576,0.05825340107845786,False,False
320,5,11,0.08137658555708271,-0.01634019076013114,0.16954385391222124,False,True
320,5,12,0.12065603717637347,0.01943592543157538,0.22619769961596256,True,True
320,5,13,0.1121003864120459,0.004441062971498039,0.23693170429937366,True,True
320,5,14,0.1428717900875161,0.04166645458185546,0.2487385024677074,True,True
320,5,15,0.09153277137796387,-0.0226820728459947,0.2036993289653508,False,True
320,5,16,0.09860169400578328,-0.01955816528529291,0.20545179250295703,False,True
320,5,17,0.09332454306461324,-0.007602783552294442,0.19656725338052547,False,True
320,5,18,0.06252580127519503,-0.05443520965224505,0.157251687191188,False,True
320,5,19,0.0871377180932556,-0.03088012441450643,0.19018149432583262,False,True
320,5,20,0.11117345439367787,-0.004162219206338722,0.21162147876688764,False,True
320,5,21,0.07716506170303522,-0.025712730307750627,0.19587101396198145,False,True
320,5,22,0.10818141500072859,0.018303328226181772,0.2114119172276873,True,True
320,5,23,0.10298507779911936,-0.014216982409221498,0.20518193912097346,False,True
320,5,24,0.046016622577070954,-0.048573049277345716,0.14560945023456934,False,True
