id,target,statistic,pdf_location,paper_estimate,model_estimate,sign_match,magnitude_match,identified,test,evidence_grade,note,evidence_type,leakage_note
A1-CF,Chinmay Ch.3,"courts-first: sham share and block tests (IUS, kappa=0, decapitated, depleted)",thesis p.19 Table 3.2,sham first 240/463 = 0.518; all 16 block x treatment p > 0.05,"sham first 0.501 [0.458, 0.549]; P(all 4 blocks p>0.05) = 0.85; P(all 16 two-sided p>0.05) = 0.67; P(all 16 one-sided min-tail p>0.05, thesis metric) = 0.34","consistent (by construction, not evidence)",-,yes (null),A1,strongly supported,Distribution over replicate studies; the observed all-n.s. pattern is a typical draw of the null model,by construction,"kappa = 0 makes the kernel exactly 0.5; only generic binomial sampling is simulated. Content lies in the INPUT kappa = 0 (Gupta 2016, measured at 96 h, not 12-14 h)"
A1-CL,Chinmay Ch.3,courtship latency: infection status (ANOVA),thesis p.21 Table 3.3,"F = 0.125, p = 0.723",median p = 0.40; P(p > 0.2) = 0.73,"consistent (by construction, not evidence)",-,yes (null),A1,strongly supported,,by construction,equal q => no infection term in latency
CL-FEM,Chinmay Ch.3,courtship latency: female genotype,thesis p.21 Table 3.3,"F = 6.93, p = 0.0087",intercept set to 0 -> P(p<0.05) = 0.00,n/a,no,not identified,,strongly supported,"Allowed main effect (spec), not evidence of choice; direction and means MISSING from the thesis, so no value is set",not identified,no mechanism; direction not reported
CL-MALE,Chinmay Ch.3,courtship latency: male genotype,thesis p.21 Table 3.3,"F = 6.49, p = 0.011",intercept set to 0 -> P(p<0.05) = 0.03,n/a,no,not identified,,strongly supported,As above,not identified,no mechanism; direction not reported
CL-INT,Chinmay Ch.3,courtship latency: interactions with infection,thesis p.21 Table 3.3,all p >= 0.43,median smallest interaction p = 0.11,"consistent (by construction, not evidence)",-,yes (null),A1,strongly supported,Model has no infection interaction by construction (spec 4.2),by construction,model has no infection interactions
A1-CM,Chinmay Ch.3,courts-most mean,thesis p.21 Table 3.4,cell means 0.432-0.637 (pooled ~0.52),"study mean 0.499 [0.460, 0.537]; share of block means in [0.45,0.55] = 0.83","consistent (by construction, not evidence)",-,yes (null),A1,strongly supported,,by construction,mean 0.5 by construction
CM-SD-heldout,Chinmay Ch.3,"per-vial courts-most SD, blocks 3-4 (held out)",thesis p.21 Table 3.4,0.423,"0.407 (persistence calibrated on blocks 1-2, SD 0.407); error -3.8%",-,within 10%,yes (held-out),,strongly supported,"Blocks share the design, so this is a weak (within-study) out-of-sample check",out-of-sample (within study),"persistence calibrated on blocks 1-2, scored on blocks 3-4"
CM-ANOVA,Chinmay Ch.3,"courts-most ANOVA (female, male genotype)",thesis p.22 Table 3.5,"p = 0.249 (female), 0.916 (male)",median p 0.57 / 0.52,"consistent (by construction, not evidence)",-,yes (null),A1,strongly supported,,by construction,no genotype effects in the model
A2-CF-spec,spec compliance (not a scientific claim),"sham courted first, Khan regime, SPEC beta0 = 2.5 (config/spec_a2.yaml)",spec A2 (Khan did not score courts-first),> 0.60 (spec threshold),0.628,-,passes threshold (by fitting),fitted to the spec,A2,spec,"With this beta0 Khan's group bias would be 0.411, stronger than observed",fitted,beta0 chosen to pass the spec's 60% threshold; kept only as a compliance check
A2-CF-calibrated,Khan & Prasad 2013 (positive control),"sham courted first, Khan regime, calibrated beta (Byrne & Rice)",spec A2,> 0.60 (spec threshold),0.537 (kernel 0.532),yes (> 0.5),FAILS the spec threshold,yes,,strongly supported,The spec threshold is inconsistent with independently calibrated male sensitivity; Khan never scored courts-first,out-of-sample prediction,"beta from Byrne & Rice; scored against a spec threshold, not data"
KHAN-bias,Khan & Prasad 2013,"mating-bias score, 10 males x (10 infected + 10 sham), 45 min, calibrated beta",Khan p.1021 Table 5,0.447 / 0.478 / 0.469 / 0.459 (mean 0.463; effect vs 0.5 = 0.037),"0.475 [0.425, 0.525]; effect vs 0.5 = 0.025 (per-experiment range 0.32-0.65)",yes (bias towards sham),effect about half the observed; observed inside the model range,yes (out-of-sample),,strongly supported,See outputs/hypothesis_tests.csv for the predictive test against the no-choice baseline,out-of-sample prediction,beta from Byrne & Rice only; Khan supplies kappa (its own fecundity measurement) and the design
A2-CD,Khan & Prasad 2013,"copulation duration, infected minus sham","Khan p.1019, Table 2",no effect,mean diff -0.0025; CI includes 0 in 0.95 of studies,"consistent (by construction, not evidence)",-,yes (by construction),A2,strongly supported,postcopulatory flag off,by construction,copulation duration drawn independently of infection
KHAN-ML,Khan & Prasad 2013,"mating latency, infected vs sham (no-choice)",Khan p.1019,6.58 vs 6.22 min (p = 0.75); 7.94 vs 7.80 (p = 0.92),"infected/sham latency ratio = 1.22 (slope is ours, not identified)",yes (infected slower),not identified,no,,strongly supported,The spec's latency-quality slope predicts a longer latency with infected-only females; Khan's difference is small and n.s.,assumption-driven,"slope is ours; independent Byrne & Rice controls support slope ~ 0, which equals the trivial baseline"
A3,PREDICTION (not a Chinmay result),IUS design with fecundity cost forced to Khan's 0.4,-,(not measured),"sham first 0.563 [0.518, 0.607]; P(all 4 blocks n.s.) = 0.36; P(CL infection p<0.05) = 0.45; courts-most 0.560 [0.523, 0.592]",prediction,prediction,prediction,A3,prediction,"If choice-vial females had a 40% fecundity cost, Chinmay's design would almost surely have detected choice",prediction (unmeasured),magnitude depends on beta; see CAL rows for the calibrated version
A4,control,kappa = 0.4 but cue off,-,(control),"sham first 0.503 [0.464, 0.546]; P(all 4 blocks n.s.) = 0.86","consistent (by construction, not evidence)",-,control,A4,control,Perception failure and absent fecundity variance give the same null: Chinmay's data cannot separate them,by construction,cue off => q equal
WF,Wittman & Fedorka 2015 (assay contrast),decapitated PP vs UU: courts-most / courts-first,J Insect Behav 28:41 Table 1B,CM 0.64 (P = 0.018); CF 0.58 (n.s.),"calibrated kernel, decapitated, non-depleted, 20 min: maximum CM 0.575 at kappa = 1 (CF 0.573); CM 0.64 NOT reachable by any fecundity cost",yes if kappa > 0,no (unreachable),no,,strongly supported,"Decapitation does not remove the cue (W&F still saw choice), so 'decapitation removed the cue' does not explain Chinmay's null; 'no fecundity difference' remains",out-of-sample prediction,"calibrated beta; W&F fecundity unknown, so scanned over all kappa"
CORE,Manas genetic core (SA / HRI / Robertson),"CF, CL, CM, stepfather effect",-,(Chinmay statistics),none emitted (test A5),-,-,not identified by the core,A5,specification,No Chinmay statistic is predicted by the SA/HRI core without the new modules,specification,keyword/import test only
B1,Morrow et al. 2003 (harm constraint),"harm-only mutant (m unchanged, eta = 0.5)",Morrow p.803-804,"harmed females do not delay remating or lay more (D. melanogaster: fewer eggs, earlier remating)",initial s = -0.169; frequency 0.01 -> 0.0000,"consistent (by construction, not evidence)",-,yes,B1,established,"Johnstone-Keller counterfactual (rho<0, lam<0): s = +0.217, harm-only spreads to 1.00",by construction,"with rho, lam >= 0 and P2 < 1 harm can only lower eggs sired per mating: restates Morrow's signs"
B2,Morrow et al. 2003,mutant raising competitive mating success and harm (m = eta = 0.5),-,harm can persist as a pleiotropic side effect,initial s = +0.247; frequency -> 1.000; female lifetime eggs 0.999 -> 0.900; invasion boundary m*(eta=0.5) = 0.203 (B2 holds only for m > m*),yes,sign only,yes,B2,strongly supported,,existential,true for any m > m*(eta); m = 0.5 was chosen; magnitudes ours
C1-sex,Chinmay Ch.4,offspring sex effect on survival (Wald),thesis p.31 Table 4.2,"chi2 = 108.2, p < 0.0001","chi2 43.116 [24.062, 65.832]; P(p<0.05) = 1.00",not scored (input),-,conditioning input,C1,promising but limited,Sex hazard ratio 2.0 is not from the thesis (figures only),input echo (circular),sign of the sex hazard ratio was set FROM this thesis result; independent Gupta 2016 data (p.82: ~60% survival in both sexes at 12 d) do not support a sex difference
C1-pop,Chinmay Ch.4,stepfather population (Wald),thesis p.31 Table 4.2,"chi2 = 1.02, df 2, p = 0.599",median p = 0.48; P(p<0.05) = 0.04,"consistent (by construction, not evidence)",-,yes (null),C1,promising but limited,Compartmentalisation on (Drosophila default). One block only in the thesis,by construction,stepfather effect is exactly 0 when compartmentalised; p-values uniform by design
C2,Chinmay Ch.4,6 h stepdaughters I and U > S (log-rank),thesis p.31 Table 4.1; p.32,log-rank p = 0.047 (Wilcoxon 0.020); 3-way Wald p = 0.019; unreplicated,NOT predicted (stepfather effect is exactly 0). Under the null: P(6 h daughter log-rank p<0.05) = 0.04; P(any of 4 log-rank p<0.05) = 0.20; P(any of 6 non-gender Wald terms p<0.05) = 0.24,not a target,not a target,not predicted,C2,unreplicated,A single p near 0.05 among 8 survival tests is what the null model produces often,generic arithmetic,multiple-testing probabilities under any null
C3,"Crean et al. 2014 (template, flag off)",second-male paternity; first-male condition on offspring size,"Crean Ecol Lett 17:1548, Table 1",P2 = 0.87; first male +0.5 SD (P = 0.013); second male n.s.,"P2 0.868 [0.840, 0.898]; first-male effect 0.494 [0.016, 1.012] (P<0.05 in 0.51); second-male effect 0.011 [-0.449, 0.452]",not scored (input),-,conditioning input,C3,strongly supported,"Same experiment with compartmentalisation on: first-male effect -0.006 [-0.484, 0.512]",input echo,"Crean's P2 and effect size in, Crean's numbers out"
C4,specification,telegony module off,-,-,no semen state allocated; functions raise ModuleOff,-,-,-,C4,specification,Mother's curse is never used as telegony,specification,-
U-mort,Chinmay Ch.3,U mortality at OD600 1.5,thesis p.23,70-90%,0.80 (input),not scored (input),-,conditioning input,,strongly supported,Clearance c(I) derived from Gupta 2016 survivorship difference; not used by the choice kernel unless coupling is on,input,-
KHAN-bias-blind,Khan & Prasad 2013,mating-bias score predicted with the kernel calibrated ONLY on Byrne & Rice 2006 (dq = 0.638 measured),Khan p.1021 Table 5; Byrne & Rice 2006 sections 3a-c,mean 0.463 (0.447-0.478); effect vs 0.5 = 0.037,"0.480 [0.449, 0.502] (raw error +3.7%; effect 0.020, -47% on the effect scale); log-quality scale 0.484",yes,"raw scale within 10%, but so is the no-choice baseline 0.500 (+8%); effect scale -47% (observed inside prediction range: True)",yes (only out-of-sample magnitude test),,strongly supported,"Calibrated beta: non-depleted 0.32, depleted 0.59; implies A2 P(sham first) = 0.532 < 0.60",out-of-sample prediction,beta from Byrne & Rice only; Khan used only for kappa (its fecundity) and design
CAL-1,independent calibration consequences,A3 with calibrated beta (depleted beta = 0.59),-,-,"sham-first share 0.561 [0.520, 0.603]; P(pooled 463-vial test p<0.05) = 0.73; P(any block p<0.05) = 0.68; P(latency infection p<0.05) = 0.37",-,-,calibrated (Byrne & Rice),,-,"supersedes the spec-frozen-beta numbers for A3, the kappa bound and W&F",calibrated (independent),Byrne & Rice 2006 calibration
CAL-2,independent calibration consequences,"kappa bound from Chinmay courts-first, calibrated depleted beta (point = 0.59)",-,-,kappa <= 0.44,-,-,calibrated (Byrne & Rice),,-,"supersedes the spec-frozen-beta numbers for A3, the kappa bound and W&F",calibrated (independent),Byrne & Rice 2006 calibration
CAL-3,independent calibration consequences,"kappa bound from Chinmay courts-first, calibrated depleted beta (upper 95% beta = 0.88)",-,-,kappa <= 0.30,-,-,calibrated (Byrne & Rice),,-,"supersedes the spec-frozen-beta numbers for A3, the kappa bound and W&F",calibrated (independent),Byrne & Rice 2006 calibration
CAL-4,independent calibration consequences,"kappa bound from Chinmay courts-first, calibrated depleted beta (lower 95% beta = 0.30)",-,-,kappa <= 0.86,-,-,calibrated (Byrne & Rice),,-,"supersedes the spec-frozen-beta numbers for A3, the kappa bound and W&F",calibrated (independent),Byrne & Rice 2006 calibration
CAL-5,independent calibration consequences,Wittman & Fedorka CM 0.64 reachable? (non-depleted calibrated beta = 0.32),-,-,"kappa=0.4: CM 0.530, CF 0.532; kappa=1: CM 0.577, CF 0.578 -> CM 0.64 not reachable by any fecundity cost under the calibrated sensitivity",-,-,calibrated (Byrne & Rice),,-,"supersedes the spec-frozen-beta numbers for A3, the kappa bound and W&F",calibrated (independent),Byrne & Rice 2006 calibration
CAL-6,independent calibration consequences,latency-quality slope (independent check),-,-,Byrne & Rice no-choice controls: no consistent effect of female fecundity on mating rate (86.7% vs 78.3% n.s.; reversed 34.6% vs 42.8%) -> slope ~0 is supported; with slope 0 the Khan latency ratio prediction is 1.00 vs observed 1.06 and 1.02 (but 'no effect' is also the trivial baseline),-,-,calibrated (Byrne & Rice),,-,"supersedes the spec-frozen-beta numbers for A3, the kappa bound and W&F",calibrated (independent),Byrne & Rice 2006 calibration
