scenario,kappa_anc_96h,cost_decay_per_h,id,target,paper_estimate,model_estimate,p_value,evidence_type,verdict,leakage_note
kappa0,0.0,0.0,G-kappa13,"kappa(G, OD 1.5, 13 h): evolved I vs U females",MISSING (not measured at 12-14 h),"I 0.000, U 0.000; ancestor 0.000",,by construction,U keeps the ancestral value (no infection selection in U),no target value used; beta from Byrne & Rice; genetic layer never reads assay outcomes
kappa0,0.0,0.0,G-beta,male preference beta_rel(G): evolved I vs U,MISSING,"I 1.033, U 1.012 (calibration mean = 1)",,derived (neutral in both regimes),near 0: no,no target value used; beta from Byrne & Rice; genetic layer never reads assay outcomes
kappa0,0.0,0.0,G-survival,survival advantage of I over U at OD 1.5 (96 h),"0.35-0.40 (Gupta 2016 p.82, p.95)","+0.011 (I 0.213, U 0.202)",,existential / prior-dependent (mutational variance and T are MISSING; not fitted),sign as observed,U survival 0.2 at OD 1.5 is an input (dose exponent derived from it)
kappa0,0.0,0.0,G-load,pathogen load of I relative to U females (load ~ 1/clearance),"about 0.7 (Gupta 2016 p.95: ~30% fewer CFUs, I vs S)",0.959,,existential / prior-dependent,direction as observed,no target value used; beta from Byrne & Rice; genetic layer never reads assay outcomes
kappa0,0.0,0.0,A1-cf_share,"A1 courts-first share (sham), pooled",0.518,"0.501 [0.460, 0.540]",0.48756218905472637,by construction (kappa = 0 set by hand for every genotype),consistent [not evidence: by construction],no target value used; beta from Byrne & Rice; genetic layer never reads assay outcomes
kappa0,0.0,0.0,A1-cm_mean_cells,"A1 courts-most, mean of 16 cell means",0.525,"0.501 [0.464, 0.538]",0.19900497512437812,by construction (kappa = 0 set by hand for every genotype),consistent [not evidence: by construction],no target value used; beta from Byrne & Rice; genetic layer never reads assay outcomes
kappa0,0.0,0.0,A1-cf-blocks,A1 all four per-block courts-first tests n.s. (two-sided),True,P(all n.s.) = 0.84,0.845,by construction (kappa = 0 set by hand for every genotype),consistent,no target value used; beta from Byrne & Rice; genetic layer never reads assay outcomes
kappa0,0.0,0.0,A1-CL-INF,"A1 latency ANOVA infection term, F","F = 0.125, p = 0.723",median F 0.57,0.47761194029850745,by construction (kappa = 0 set by hand for every genotype),consistent [not evidence: by construction],no target value used; beta from Byrne & Rice; genetic layer never reads assay outcomes
kappa0,0.0,0.0,A1-explained,"A1 explained by IUS evolution (kappa(13 h) or beta near 0 produced by evolution, then assay consistent)",null in all 16 cells,"kappa_I 0.000, kappa_U 0.000, ancestor 0.000; beta_I 1.03, beta_U 1.01",,by construction (kappa = 0 set by hand for every genotype),NO: kappa = 0 is hand-set (by construction),no target value used; beta from Byrne & Rice; genetic layer never reads assay outcomes
kappa0,0.0,0.0,NEW-fem-x-inf,female genotype x infection in courts-first: share(U females) - share(I females),-0.054,"+0.002 [-0.075, +0.076]",0.24875621890547264,by construction (0),consistent,no target value used; beta from Byrne & Rice; genetic layer never reads assay outcomes
kappa0,0.0,0.0,NEW-male-x-inf,male genotype x infection in courts-first: share(U males) - share(I males),-0.048,"+0.005 [-0.076, +0.088]",0.22885572139303484,derived null (preference neutral in both regimes; drift only),consistent,no target value used; beta from Byrne & Rice; genetic layer never reads assay outcomes
kappa0,0.0,0.0,NEW-CL-INF*FEMALES,"latency ANOVA INF*FEMALES (derived, not hand-added)",F = 0.614137,median F 0.49,0.9651741293532339,by construction,consistent,no target value used; beta from Byrne & Rice; genetic layer never reads assay outcomes
kappa0,0.0,0.0,NEW-CL-INF*MALE,"latency ANOVA INF*MALE (derived, not hand-added)",F = 0.006074,median F 0.59,0.14925373134328357,by construction,consistent,no target value used; beta from Byrne & Rice; genetic layer never reads assay outcomes
k96_0.1_flat,0.1,0.0,G-kappa13,"kappa(G, OD 1.5, 13 h): evolved I vs U females",MISSING (not measured at 12-14 h),"I 0.100, U 0.101; ancestor 0.100",,derived from genetic layer (prior-dependent),U keeps the ancestral value (no infection selection in U),no target value used; beta from Byrne & Rice; genetic layer never reads assay outcomes
k96_0.1_flat,0.1,0.0,G-beta,male preference beta_rel(G): evolved I vs U,MISSING,"I 1.029, U 1.016 (calibration mean = 1)",,derived (neutral in both regimes),near 0: no,no target value used; beta from Byrne & Rice; genetic layer never reads assay outcomes
k96_0.1_flat,0.1,0.0,G-survival,survival advantage of I over U at OD 1.5 (96 h),"0.35-0.40 (Gupta 2016 p.82, p.95)","+0.017 (I 0.219, U 0.202)",,existential / prior-dependent (mutational variance and T are MISSING; not fitted),sign as observed,U survival 0.2 at OD 1.5 is an input (dose exponent derived from it)
k96_0.1_flat,0.1,0.0,G-load,pathogen load of I relative to U females (load ~ 1/clearance),"about 0.7 (Gupta 2016 p.95: ~30% fewer CFUs, I vs S)",0.944,,existential / prior-dependent,direction as observed,no target value used; beta from Byrne & Rice; genetic layer never reads assay outcomes
k96_0.1_flat,0.1,0.0,A1-cf_share,"A1 courts-first share (sham), pooled",0.518,"0.517 [0.469, 0.559]",1.0,"prediction, prior-dependent (kappa_anc_96h and cost_decay are MISSING scenario values)",consistent,no target value used; beta from Byrne & Rice; genetic layer never reads assay outcomes
k96_0.1_flat,0.1,0.0,A1-cm_mean_cells,"A1 courts-most, mean of 16 cell means",0.525,"0.514 [0.478, 0.550]",0.5970149253731343,"prediction, prior-dependent (kappa_anc_96h and cost_decay are MISSING scenario values)",consistent,no target value used; beta from Byrne & Rice; genetic layer never reads assay outcomes
k96_0.1_flat,0.1,0.0,A1-cf-blocks,A1 all four per-block courts-first tests n.s. (two-sided),True,P(all n.s.) = 0.78,0.78,"prediction, prior-dependent (kappa_anc_96h and cost_decay are MISSING scenario values)",consistent,no target value used; beta from Byrne & Rice; genetic layer never reads assay outcomes
k96_0.1_flat,0.1,0.0,A1-CL-INF,"A1 latency ANOVA infection term, F","F = 0.125, p = 0.723",median F 0.77,0.4079601990049751,"prediction, prior-dependent (kappa_anc_96h and cost_decay are MISSING scenario values)",consistent,no target value used; beta from Byrne & Rice; genetic layer never reads assay outcomes
k96_0.1_flat,0.1,0.0,A1-explained,"A1 explained by IUS evolution (kappa(13 h) or beta near 0 produced by evolution, then assay consistent)",null in all 16 cells,"kappa_I 0.100, kappa_U 0.101, ancestor 0.100; beta_I 1.03, beta_U 1.02",,"prediction, prior-dependent (kappa_anc_96h and cost_decay are MISSING scenario values)","NO: U is not selected on kappa or beta, so U keeps the ancestral kappa(13 h); a null in U x U vials cannot come from IUS evolution",no target value used; beta from Byrne & Rice; genetic layer never reads assay outcomes
k96_0.1_flat,0.1,0.0,NEW-fem-x-inf,female genotype x infection in courts-first: share(U females) - share(I females),-0.054,"+0.006 [-0.076, +0.089]",0.1791044776119403,new derived prediction (sign derived from I selection on clearance; magnitude prior-dependent),consistent,no target value used; beta from Byrne & Rice; genetic layer never reads assay outcomes
k96_0.1_flat,0.1,0.0,NEW-male-x-inf,male genotype x infection in courts-first: share(U males) - share(I males),-0.048,"+0.004 [-0.078, +0.091]",0.30845771144278605,derived null (preference neutral in both regimes; drift only),consistent,no target value used; beta from Byrne & Rice; genetic layer never reads assay outcomes
k96_0.1_flat,0.1,0.0,NEW-CL-INF*FEMALES,"latency ANOVA INF*FEMALES (derived, not hand-added)",F = 0.614137,median F 0.61,1.0,derived (via evolved kappa / beta),consistent,no target value used; beta from Byrne & Rice; genetic layer never reads assay outcomes
k96_0.1_flat,0.1,0.0,NEW-CL-INF*MALE,"latency ANOVA INF*MALE (derived, not hand-added)",F = 0.006074,median F 0.63,0.06965174129353234,derived (via evolved kappa / beta),consistent,no target value used; beta from Byrne & Rice; genetic layer never reads assay outcomes
k96_0.1_decay24h,0.1,0.041666666666666664,G-kappa13,"kappa(G, OD 1.5, 13 h): evolved I vs U females",MISSING (not measured at 12-14 h),"I 0.961, U 0.967; ancestor 0.965",,derived from genetic layer (prior-dependent),U keeps the ancestral value (no infection selection in U),no target value used; beta from Byrne & Rice; genetic layer never reads assay outcomes
k96_0.1_decay24h,0.1,0.041666666666666664,G-beta,male preference beta_rel(G): evolved I vs U,MISSING,"I 1.029, U 1.019 (calibration mean = 1)",,derived (neutral in both regimes),near 0: no,no target value used; beta from Byrne & Rice; genetic layer never reads assay outcomes
k96_0.1_decay24h,0.1,0.041666666666666664,G-survival,survival advantage of I over U at OD 1.5 (96 h),"0.35-0.40 (Gupta 2016 p.82, p.95)","+0.024 (I 0.221, U 0.198)",,existential / prior-dependent (mutational variance and T are MISSING; not fitted),sign as observed,U survival 0.2 at OD 1.5 is an input (dose exponent derived from it)
k96_0.1_decay24h,0.1,0.041666666666666664,G-load,pathogen load of I relative to U females (load ~ 1/clearance),"about 0.7 (Gupta 2016 p.95: ~30% fewer CFUs, I vs S)",0.923,,existential / prior-dependent,direction as observed,no target value used; beta from Byrne & Rice; genetic layer never reads assay outcomes
k96_0.1_decay24h,0.1,0.041666666666666664,A1-cf_share,"A1 courts-first share (sham), pooled",0.518,"0.641 [0.596, 0.683]",0.009950248756218905,"prediction, prior-dependent (kappa_anc_96h and cost_decay are MISSING scenario values)",TENSION/REJECTED (p < 0.05),no target value used; beta from Byrne & Rice; genetic layer never reads assay outcomes
k96_0.1_decay24h,0.1,0.041666666666666664,A1-cm_mean_cells,"A1 courts-most, mean of 16 cell means",0.525,"0.641 [0.606, 0.679]",0.009950248756218905,"prediction, prior-dependent (kappa_anc_96h and cost_decay are MISSING scenario values)",TENSION/REJECTED (p < 0.05),no target value used; beta from Byrne & Rice; genetic layer never reads assay outcomes
k96_0.1_decay24h,0.1,0.041666666666666664,A1-cf-blocks,A1 all four per-block courts-first tests n.s. (two-sided),True,P(all n.s.) = 0.00,0.0,"prediction, prior-dependent (kappa_anc_96h and cost_decay are MISSING scenario values)",TENSION/REJECTED,no target value used; beta from Byrne & Rice; genetic layer never reads assay outcomes
k96_0.1_decay24h,0.1,0.041666666666666664,A1-CL-INF,"A1 latency ANOVA infection term, F","F = 0.125, p = 0.723",median F 12.97,0.009950248756218905,"prediction, prior-dependent (kappa_anc_96h and cost_decay are MISSING scenario values)",TENSION/REJECTED (p < 0.05),no target value used; beta from Byrne & Rice; genetic layer never reads assay outcomes
k96_0.1_decay24h,0.1,0.041666666666666664,A1-explained,"A1 explained by IUS evolution (kappa(13 h) or beta near 0 produced by evolution, then assay consistent)",null in all 16 cells,"kappa_I 0.961, kappa_U 0.967, ancestor 0.965; beta_I 1.03, beta_U 1.02",,"prediction, prior-dependent (kappa_anc_96h and cost_decay are MISSING scenario values)","NO: U is not selected on kappa or beta, so U keeps the ancestral kappa(13 h); a null in U x U vials cannot come from IUS evolution",no target value used; beta from Byrne & Rice; genetic layer never reads assay outcomes
k96_0.1_decay24h,0.1,0.041666666666666664,NEW-fem-x-inf,female genotype x infection in courts-first: share(U females) - share(I females),-0.054,"+0.003 [-0.074, +0.082]",0.1890547263681592,new derived prediction (sign derived from I selection on clearance; magnitude prior-dependent),consistent,no target value used; beta from Byrne & Rice; genetic layer never reads assay outcomes
k96_0.1_decay24h,0.1,0.041666666666666664,NEW-male-x-inf,male genotype x infection in courts-first: share(U males) - share(I males),-0.048,"-0.000 [-0.085, +0.084]",0.2885572139303483,derived null (preference neutral in both regimes; drift only),consistent,no target value used; beta from Byrne & Rice; genetic layer never reads assay outcomes
k96_0.1_decay24h,0.1,0.041666666666666664,NEW-CL-INF*FEMALES,"latency ANOVA INF*FEMALES (derived, not hand-added)",F = 0.614137,median F 0.69,0.9353233830845771,derived (via evolved kappa / beta),consistent,no target value used; beta from Byrne & Rice; genetic layer never reads assay outcomes
k96_0.1_decay24h,0.1,0.041666666666666664,NEW-CL-INF*MALE,"latency ANOVA INF*MALE (derived, not hand-added)",F = 0.006074,median F 0.64,0.08955223880597014,derived (via evolved kappa / beta),consistent,no target value used; beta from Byrne & Rice; genetic layer never reads assay outcomes
k96_0.3_flat,0.3,0.0,G-kappa13,"kappa(G, OD 1.5, 13 h): evolved I vs U females",MISSING (not measured at 12-14 h),"I 0.289, U 0.303; ancestor 0.300",,derived from genetic layer (prior-dependent),U keeps the ancestral value (no infection selection in U),no target value used; beta from Byrne & Rice; genetic layer never reads assay outcomes
k96_0.3_flat,0.3,0.0,G-beta,male preference beta_rel(G): evolved I vs U,MISSING,"I 1.015, U 0.996 (calibration mean = 1)",,derived (neutral in both regimes),near 0: no,no target value used; beta from Byrne & Rice; genetic layer never reads assay outcomes
k96_0.3_flat,0.3,0.0,G-survival,survival advantage of I over U at OD 1.5 (96 h),"0.35-0.40 (Gupta 2016 p.82, p.95)","+0.015 (I 0.217, U 0.203)",,existential / prior-dependent (mutational variance and T are MISSING; not fitted),sign as observed,U survival 0.2 at OD 1.5 is an input (dose exponent derived from it)
k96_0.3_flat,0.3,0.0,G-load,pathogen load of I relative to U females (load ~ 1/clearance),"about 0.7 (Gupta 2016 p.95: ~30% fewer CFUs, I vs S)",0.954,,existential / prior-dependent,direction as observed,no target value used; beta from Byrne & Rice; genetic layer never reads assay outcomes
k96_0.3_flat,0.3,0.0,A1-cf_share,"A1 courts-first share (sham), pooled",0.518,"0.543 [0.501, 0.592]",0.3482587064676617,"prediction, prior-dependent (kappa_anc_96h and cost_decay are MISSING scenario values)",consistent,no target value used; beta from Byrne & Rice; genetic layer never reads assay outcomes
k96_0.3_flat,0.3,0.0,A1-cm_mean_cells,"A1 courts-most, mean of 16 cell means",0.525,"0.545 [0.512, 0.582]",0.3383084577114428,"prediction, prior-dependent (kappa_anc_96h and cost_decay are MISSING scenario values)",consistent,no target value used; beta from Byrne & Rice; genetic layer never reads assay outcomes
k96_0.3_flat,0.3,0.0,A1-cf-blocks,A1 all four per-block courts-first tests n.s. (two-sided),True,P(all n.s.) = 0.55,0.545,"prediction, prior-dependent (kappa_anc_96h and cost_decay are MISSING scenario values)",consistent,no target value used; beta from Byrne & Rice; genetic layer never reads assay outcomes
k96_0.3_flat,0.3,0.0,A1-CL-INF,"A1 latency ANOVA infection term, F","F = 0.125, p = 0.723",median F 1.61,0.22885572139303484,"prediction, prior-dependent (kappa_anc_96h and cost_decay are MISSING scenario values)",consistent,no target value used; beta from Byrne & Rice; genetic layer never reads assay outcomes
k96_0.3_flat,0.3,0.0,A1-explained,"A1 explained by IUS evolution (kappa(13 h) or beta near 0 produced by evolution, then assay consistent)",null in all 16 cells,"kappa_I 0.289, kappa_U 0.303, ancestor 0.300; beta_I 1.01, beta_U 1.00",,"prediction, prior-dependent (kappa_anc_96h and cost_decay are MISSING scenario values)","NO: U is not selected on kappa or beta, so U keeps the ancestral kappa(13 h); a null in U x U vials cannot come from IUS evolution",no target value used; beta from Byrne & Rice; genetic layer never reads assay outcomes
k96_0.3_flat,0.3,0.0,NEW-fem-x-inf,female genotype x infection in courts-first: share(U females) - share(I females),-0.054,"-0.002 [-0.096, +0.090]",0.22885572139303484,new derived prediction (sign derived from I selection on clearance; magnitude prior-dependent),consistent,no target value used; beta from Byrne & Rice; genetic layer never reads assay outcomes
k96_0.3_flat,0.3,0.0,NEW-male-x-inf,male genotype x infection in courts-first: share(U males) - share(I males),-0.048,"-0.002 [-0.089, +0.082]",0.3482587064676617,derived null (preference neutral in both regimes; drift only),consistent,no target value used; beta from Byrne & Rice; genetic layer never reads assay outcomes
k96_0.3_flat,0.3,0.0,NEW-CL-INF*FEMALES,"latency ANOVA INF*FEMALES (derived, not hand-added)",F = 0.614137,median F 0.64,0.9850746268656716,derived (via evolved kappa / beta),consistent,no target value used; beta from Byrne & Rice; genetic layer never reads assay outcomes
k96_0.3_flat,0.3,0.0,NEW-CL-INF*MALE,"latency ANOVA INF*MALE (derived, not hand-added)",F = 0.006074,median F 0.64,0.15920398009950248,derived (via evolved kappa / beta),consistent,no target value used; beta from Byrne & Rice; genetic layer never reads assay outcomes
Khan regime,,,A2-khan-bias,Khan Table 5 mean bias (infected mated / all),0.463,"0.479 [0.437, 0.525] (beta fixed: 0.477)",0.6368159203980099,out-of-sample (beta from Byrne & Rice; genotype variation from the ancestor record; kappa 0.4 measured),consistent,beta never retuned on Khan Table 5
Khan regime,,,H8b-coupled,Khan between-vial SD implied by the CIs,0.029,0.110 (beta fixed: 0.110),0.004975124378109453,model-structure check,REJECTED (stays): genetic variance in beta cannot reduce vial-to-vial variance,not hidden in the genetic layer; needs a mating-scheme or CI-interpretation fix
all,,,SA-courtship,"SA locus with no kappa/beta/cue effect changes CF, CL, CM?",-,no: bit-identical statistics (tests/test_coupling.py),,by construction (regression test),holds,
all,,,telegony,stepfather genotype (incl. SA) shifts offspring survival?,no (thesis Table 4.1-4.2: population n.s.),no: coupler passes nothing to telegony.py; compartmentalisation on,,by construction,consistent [not evidence],
all,,,H10-coupled,telegony sex chi2 = 108,chi2 = 108.16,record sex factor = 1 (no independent data; Gupta 2016 gives none),,input absent,REJECTED (stays),
all,,,H4-coupled,latency male / female genotype main effects,F = 6.49 / 6.93,no latency trait in the genetic layer: intercepts not identified,,not identified,TENSION (stays),
all,,,H14-coupled,female across-sex-ratio correlations,0.749-0.842,no genotype x sex-ratio term added,,not implemented,TENSION (stays),
all,,,male-recomb,male recombination in Drosophila runs,0,0 in every Drosophila run; True only in paper-setting replications (SLiM default),,audit,no rerun needed; H19 unchanged,
